Operating Temperature (¡æ),Operating Pressure (bar),Flow Rate (mL min-1),Active Area (cm2),Ir wt. %,Ru wt.%,O wt. %,I/C in Anode,Pt wt. %,I/C in Cathode,Anode Precious Metal Loading (mg cm-2 Ir/Ru/Pt/Pd),Cathode Precious Metal Loading (mg cm-2 Pt/Pd),Membrane Thickness (¦Ìm),EW,QUALIFIED,Current at 1.6 V
70<TEMP<=80,PRESS=1,FR>24,AA<=5,85<IR<100,RU FREE,0<O<=25,0.2<ICA<=0.3,40<PT<=60,0.7<ICC<=1,1<AL<=1.5,0.25<CL<=0.5,50<MEMBRANE<=125,1000<EW<=1100,DISQUALIFIED,0.56286
70<TEMP<=80,PRESS=1,FR>24,AA<=5,85<IR<100,RU FREE,0<O<=15,0.2<ICA<=0.3,40<PT<=60,0.7<ICC<=1,1<AL<=1.5,0.25<CL<=0.5,50<MEMBRANE<=125,1000<EW<=1100,DISQUALIFIED,0.50689
70<TEMP<=80,PRESS=1,FR>24,AA<=5,85<IR<100,RU FREE,0<O<=15,0<ICA<=0.1,40<PT<=60,0<ICC<=0.3,1<AL<=1.5,0.25<CL<=0.5,50<MEMBRANE<=125,EW<=900,DISQUALIFIED,0.86561
70<TEMP<=80,PRESS=1,FR>24,AA<=5,85<IR<100,RU FREE,0<O<=15,0<ICA<=0.1,40<PT<=60,0<ICC<=0.3,1<AL<=1.5,0.25<CL<=0.5,50<MEMBRANE<=125,EW<=900,DISQUALIFIED,0.52738
70<TEMP<=80,PRESS=1,FR>24,AA>25,PURE IR,RU FREE,O FREE,ICA=0,PURE PT,ICC=0,0.25<AL<=0.5,0<CL<=0.25,50<MEMBRANE<=125,1000<EW<=1100,DISQUALIFIED,0.28642
70<TEMP<=80,PRESS=1,FR>24,AA>25,PURE IR,RU FREE,O FREE,ICA=0,PURE PT,ICC=0,0.25<AL<=0.5,0<CL<=0.25,50<MEMBRANE<=125,1000<EW<=1100,DISQUALIFIED,0.27621
70<TEMP<=80,PRESS=1,FR>24,AA>25,PURE IR,RU FREE,O FREE,ICA=0,PURE PT,ICC=0,0.25<AL<=0.5,0<CL<=0.25,50<MEMBRANE<=125,1000<EW<=1100,DISQUALIFIED,0.80154
70<TEMP<=80,PRESS=1,FR>24,AA>25,PURE IR,RU FREE,O FREE,ICA=0,PURE PT,ICC=0,0.25<AL<=0.5,0<CL<=0.25,50<MEMBRANE<=125,1000<EW<=1100,DISQUALIFIED,0.38256
70<TEMP<=80,PRESS=1,FR>24,AA>25,PURE IR,RU FREE,O FREE,ICA=0,PURE PT,ICC=0,0.25<AL<=0.5,0<CL<=0.25,50<MEMBRANE<=125,1000<EW<=1100,DISQUALIFIED,0.61446
70<TEMP<=80,PRESS=1,FR>24,AA>25,PURE IR,RU FREE,O FREE,ICA=0,PURE PT,ICC=0,0.25<AL<=0.5,0<CL<=0.25,50<MEMBRANE<=125,1000<EW<=1100,DISQUALIFIED,0.52085
70<TEMP<=80,1<PRESS<=2,3<FR<=6,AA>25,85<IR<100,RU FREE,0<O<=15,0.2<ICA<=0.3,PURE PT,0<ICC<=0.3,1<AL<=1.5,0.25<CL<=0.5,125<MEMBRANE<=175,1000<EW<=1100,DISQUALIFIED,0.10597
70<TEMP<=80,PRESS=1,FR<=3,AA<=5,PURE IR,RU FREE,O FREE,0.3<ICA<=0.4,40<PT<=60,0.5<ICC<=0.7,0.75<AL<=1,0<CL<=0.25,25<MEMBRANE<=50,1000<EW<=1100,DISQUALIFIED,0.32618
70<TEMP<=80,PRESS=1,FR<=3,AA<=5,25<IR<=50,RU FREE,O FREE,0.2<ICA<=0.3,40<PT<=60,0.5<ICC<=0.7,0.25<AL<=0.5,0<CL<=0.25,25<MEMBRANE<=50,1000<EW<=1100,DISQUALIFIED,0.43794
70<TEMP<=80,PRESS=1,FR<=3,AA<=5,25<IR<=50,RU FREE,O FREE,0.2<ICA<=0.3,40<PT<=60,0.5<ICC<=0.7,0.25<AL<=0.5,0<CL<=0.25,25<MEMBRANE<=50,1000<EW<=1100,DISQUALIFIED,0.66854
70<TEMP<=80,PRESS=1,FR<=3,AA<=5,PURE IR,RU FREE,O FREE,0.2<ICA<=0.3,40<PT<=60,0.4<ICC<=0.5,0.75<AL<=1,0<CL<=0.25,25<MEMBRANE<=50,1000<EW<=1100,DISQUALIFIED,0.58118
70<TEMP<=80,PRESS=1,FR<=3,AA<=5,25<IR<=50,RU FREE,0<O<=15,0.2<ICA<=0.3,40<PT<=60,0.5<ICC<=0.7,0.25<AL<=0.5,0<CL<=0.25,25<MEMBRANE<=50,1000<EW<=1100,DISQUALIFIED,0.69648
70<TEMP<=80,PRESS=1,FR>24,5<AA<=25,85<IR<100,RU FREE,0<O<=15,0.75<ICA<1.5,PURE PT,0.7<ICC<=1,0.25<AL<=0.5,CL>0.5,MEMBRANE>175,1000<EW<=1100,DISQUALIFIED,0.29918556
70<TEMP<=80,PRESS=1,FR>24,AA>25,PURE IR,RU FREE,O FREE,ICA=0,PURE PT,ICC=0,AL<=0.25,0<CL<=0.25,25<MEMBRANE<=50,EW<=900,DISQUALIFIED,0.75619
70<TEMP<=80,PRESS=1,FR>24,AA>25,PURE IR,RU FREE,O FREE,ICA=0,PURE PT,ICC=0,AL<=0.25,0<CL<=0.25,25<MEMBRANE<=50,EW<=900,DISQUALIFIED,1.07397
80<TEMP<=90,PRESS=1,FR>24,AA>25,PURE IR,RU FREE,O FREE,ICA=0,PURE PT,ICC=0,AL<=0.25,0<CL<=0.25,25<MEMBRANE<=50,EW<=900,QUALIFIED,1.33652
90<TEMP<=100,PRESS=1,FR>24,AA>25,PURE IR,RU FREE,O FREE,ICA=0,PURE PT,ICC=0,AL<=0.25,0<CL<=0.25,25<MEMBRANE<=50,EW<=900,QUALIFIED,1.33652
90<TEMP<=100,PRESS=1,FR>24,AA>25,PURE IR,RU FREE,O FREE,ICA=0,PURE PT,ICC=0,AL<=0.25,0<CL<=0.25,25<MEMBRANE<=50,EW<=900,DISQUALIFIED,0.04669
90<TEMP<=100,PRESS=1,FR>24,AA>25,PURE IR,RU FREE,O FREE,ICA=0,PURE PT,ICC=0,AL<=0.25,0<CL<=0.25,25<MEMBRANE<=50,EW<=900,DISQUALIFIED,0.05799
90<TEMP<=100,PRESS=1,FR>24,AA>25,PURE IR,RU FREE,O FREE,ICA=0,PURE PT,ICC=0,AL<=0.25,0<CL<=0.25,25<MEMBRANE<=50,EW<=900,DISQUALIFIED,0.52736
90<TEMP<=100,PRESS=1,FR>24,AA>25,PURE IR,RU FREE,O FREE,ICA=0,PURE PT,ICC=0,AL<=0.25,0<CL<=0.25,25<MEMBRANE<=50,EW<=900,DISQUALIFIED,0.57153
90<TEMP<=100,PRESS=1,FR>24,AA>25,PURE IR,RU FREE,O FREE,ICA=0,PURE PT,ICC=0,0.25<AL<=0.5,0<CL<=0.25,25<MEMBRANE<=50,EW<=900,DISQUALIFIED,0.73894
90<TEMP<=100,PRESS=1,FR>24,AA>25,PURE IR,RU FREE,O FREE,ICA=0,PURE PT,ICC=0,0.25<AL<=0.5,0<CL<=0.25,25<MEMBRANE<=50,EW<=900,DISQUALIFIED,0.78414
90<TEMP<=100,PRESS=1,FR>24,AA>25,PURE IR,RU FREE,O FREE,ICA=0,PURE PT,ICC=0,0.75<AL<=1,0<CL<=0.25,25<MEMBRANE<=50,EW<=900,DISQUALIFIED,0.83446
TEMP<=30,PRESS=1,6<FR<=24,AA<=5,50<IR<=75,0<RU<=25,0<O<=15,0.2<ICA<=0.3,PURE PT,0.4<ICC<=0.5,AL>1.5,CL>0.5,50<MEMBRANE<=125,1000<EW<=1100,DISQUALIFIED,0.12029
30<TEMP<=40,PRESS=1,6<FR<=24,AA<=5,50<IR<=75,0<RU<=25,0<O<=15,0.2<ICA<=0.3,PURE PT,0<ICC<=0.3,AL>1.5,CL>0.5,50<MEMBRANE<=125,1000<EW<=1100,DISQUALIFIED,0.22153
50<TEMP<=60,PRESS=1,6<FR<=24,AA<=5,50<IR<=75,0<RU<=25,0<O<=15,0.2<ICA<=0.3,PURE PT,0.3<ICC<=0.4,AL>1.5,CL>0.5,50<MEMBRANE<=125,1000<EW<=1100,DISQUALIFIED,0.42163
70<TEMP<=80,PRESS=1,6<FR<=24,AA<=5,50<IR<=75,0<RU<=25,0<O<=15,0.1<ICA<=0.2,PURE PT,0<ICC<=0.3,AL>1.5,CL>0.5,50<MEMBRANE<=125,1000<EW<=1100,DISQUALIFIED,1.01481
30<TEMP<=40,1<PRESS<=2,FR>24,5<AA<=25,PURE IR,RU FREE,O FREE,ICA=0,PURE PT,ICC>2,0.5<AL<=0.75,0.25<CL<=0.5,125<MEMBRANE<=175,1000<EW<=1100,DISQUALIFIED,0.06336654
40<TEMP<=50,1<PRESS<=2,FR>24,5<AA<=25,PURE IR,RU FREE,O FREE,ICA=0,PURE PT,ICC>2,0.5<AL<=0.75,0.25<CL<=0.5,125<MEMBRANE<=175,1000<EW<=1100,DISQUALIFIED,0.07844828
50<TEMP<=60,1<PRESS<=2,FR>24,5<AA<=25,PURE IR,RU FREE,O FREE,ICA=0,PURE PT,ICC>2,0.5<AL<=0.75,0.25<CL<=0.5,125<MEMBRANE<=175,1000<EW<=1100,DISQUALIFIED,0.12713963
30<TEMP<=40,1<PRESS<=2,FR>24,5<AA<=25,PURE IR,RU FREE,O FREE,0.75<ICA<1.5,PURE PT,ICC>2,0.5<AL<=0.75,0.25<CL<=0.5,125<MEMBRANE<=175,1000<EW<=1100,DISQUALIFIED,0.11062659
40<TEMP<=50,1<PRESS<=2,FR>24,5<AA<=25,PURE IR,RU FREE,O FREE,0.75<ICA<1.5,PURE PT,ICC>2,0.5<AL<=0.75,0.25<CL<=0.5,125<MEMBRANE<=175,1000<EW<=1100,DISQUALIFIED,0.13511649
50<TEMP<=60,1<PRESS<=2,FR>24,5<AA<=25,PURE IR,RU FREE,O FREE,0.75<ICA<1.5,PURE PT,ICC>2,0.5<AL<=0.75,0.25<CL<=0.5,125<MEMBRANE<=175,1000<EW<=1100,DISQUALIFIED,0.17093956
30<TEMP<=40,1<PRESS<=2,FR>24,5<AA<=25,PURE IR,RU FREE,O FREE,ICA>1.5,PURE PT,ICC>2,0.5<AL<=0.75,0.25<CL<=0.5,125<MEMBRANE<=175,1000<EW<=1100,DISQUALIFIED,0.34075001
40<TEMP<=50,1<PRESS<=2,FR>24,5<AA<=25,PURE IR,RU FREE,O FREE,ICA>1.5,PURE PT,ICC>2,0.5<AL<=0.75,0.25<CL<=0.5,125<MEMBRANE<=175,1000<EW<=1100,DISQUALIFIED,0.436515
50<TEMP<=60,1<PRESS<=2,FR>24,5<AA<=25,PURE IR,RU FREE,O FREE,ICA>1.5,PURE PT,ICC>2,0.5<AL<=0.75,0.25<CL<=0.5,125<MEMBRANE<=175,1000<EW<=1100,DISQUALIFIED,0.53432555
30<TEMP<=40,1<PRESS<=2,FR>24,5<AA<=25,PURE IR,RU FREE,O FREE,ICA>1.5,PURE PT,ICC>2,0.5<AL<=0.75,0.25<CL<=0.5,125<MEMBRANE<=175,1000<EW<=1100,DISQUALIFIED,0.29697721
40<TEMP<=50,1<PRESS<=2,FR>24,5<AA<=25,PURE IR,RU FREE,O FREE,ICA>1.5,PURE PT,ICC>2,0.5<AL<=0.75,0.25<CL<=0.5,125<MEMBRANE<=175,1000<EW<=1100,DISQUALIFIED,0.34417924
50<TEMP<=60,1<PRESS<=2,FR>24,5<AA<=25,PURE IR,RU FREE,O FREE,ICA>1.5,PURE PT,ICC>2,0.5<AL<=0.75,0.25<CL<=0.5,125<MEMBRANE<=175,1000<EW<=1100,DISQUALIFIED,0.42977897
70<TEMP<=80,PRESS=1,FR>24,AA>25,85<IR<100,RU FREE,0<O<=15,ICA>1.5,0<PT<=20,ICC>2,AL<=0.25,CL>0.5,125<MEMBRANE<=175,1000<EW<=1100,DISQUALIFIED,0.82261601
70<TEMP<=80,PRESS=1,FR>24,5<AA<=25,85<IR<100,RU FREE,0<O<=15,ICA>1.5,0<PT<=20,1<ICC<=2,AL<=0.25,CL>0.5,125<MEMBRANE<=175,1000<EW<=1100,DISQUALIFIED,0.87146595
70<TEMP<=80,PRESS=1,FR>24,5<AA<=25,85<IR<100,RU FREE,0<O<=15,ICA>1.5,0<PT<=20,1<ICC<=2,AL<=0.25,CL>0.5,125<MEMBRANE<=175,1000<EW<=1100,DISQUALIFIED,0.85395371
70<TEMP<=80,PRESS=1,FR>24,AA>25,85<IR<100,RU FREE,0<O<=15,0.75<ICA<1.5,0<PT<=20,ICC>2,0.25<AL<=0.5,CL>0.5,125<MEMBRANE<=175,1000<EW<=1100,DISQUALIFIED,0.83644146
70<TEMP<=80,PRESS=1,FR>24,AA<=5,85<IR<100,RU FREE,0<O<=15,0.3<ICA<=0.4,20<PT<=40,0.3<ICC<=0.4,0.25<AL<=0.5,0.25<CL<=0.5,25<MEMBRANE<=50,1000<EW<=1100,DISQUALIFIED,0.66447
70<TEMP<=80,PRESS=1,FR>24,AA<=5,85<IR<100,RU FREE,0<O<=15,0.3<ICA<=0.4,20<PT<=40,0.3<ICC<=0.4,0.75<AL<=1,0.25<CL<=0.5,25<MEMBRANE<=50,1000<EW<=1100,DISQUALIFIED,0.85766
70<TEMP<=80,PRESS=1,FR>24,AA<=5,85<IR<100,RU FREE,0<O<=15,0.3<ICA<=0.4,20<PT<=40,0.3<ICC<=0.4,1<AL<=1.5,0.25<CL<=0.5,25<MEMBRANE<=50,1000<EW<=1100,DISQUALIFIED,1.07495
70<TEMP<=80,PRESS=1,FR>24,AA<=5,85<IR<100,RU FREE,0<O<=15,0.3<ICA<=0.4,20<PT<=40,0.3<ICC<=0.4,AL>1.5,0.25<CL<=0.5,25<MEMBRANE<=50,1000<EW<=1100,DISQUALIFIED,1.24587
70<TEMP<=80,PRESS=1,FR>24,AA<=5,85<IR<100,RU FREE,0<O<=15,0.3<ICA<=0.4,20<PT<=40,0.3<ICC<=0.4,AL>1.5,0.25<CL<=0.5,25<MEMBRANE<=50,1000<EW<=1100,QUALIFIED,1.33997
70<TEMP<=80,PRESS=1,FR>24,AA<=5,85<IR<100,RU FREE,0<O<=15,0.3<ICA<=0.4,20<PT<=40,0.3<ICC<=0.4,AL>1.5,0.25<CL<=0.5,25<MEMBRANE<=50,1000<EW<=1100,DISQUALIFIED,1.19132
70<TEMP<=80,PRESS=1,FR>24,AA<=5,85<IR<100,RU FREE,0<O<=15,0.3<ICA<=0.4,20<PT<=40,0.3<ICC<=0.4,AL>1.5,0<CL<=0.25,25<MEMBRANE<=50,1000<EW<=1100,DISQUALIFIED,1.04472
70<TEMP<=80,PRESS=1,FR>24,AA<=5,85<IR<100,RU FREE,0<O<=15,0.3<ICA<=0.4,20<PT<=40,0.3<ICC<=0.4,AL>1.5,0<CL<=0.25,25<MEMBRANE<=50,1000<EW<=1100,DISQUALIFIED,1.21365
70<TEMP<=80,PRESS=1,FR>24,AA<=5,85<IR<100,RU FREE,0<O<=15,0.3<ICA<=0.4,20<PT<=40,0.3<ICC<=0.4,AL>1.5,CL>0.5,25<MEMBRANE<=50,1000<EW<=1100,QUALIFIED,1.3174
70<TEMP<=80,PRESS=1,FR>24,AA<=5,85<IR<100,RU FREE,0<O<=15,0.3<ICA<=0.4,20<PT<=40,0.3<ICC<=0.4,AL>1.5,CL>0.5,25<MEMBRANE<=50,1000<EW<=1100,QUALIFIED,1.30543
TEMP<=30,PRESS=1,6<FR<=24,5<AA<=25,PURE IR,RU FREE,O FREE,0.4<ICA<=0.5,PURE PT,0.4<ICC<=0.5,0.75<AL<=1,CL>0.5,50<MEMBRANE<=125,1000<EW<=1100,DISQUALIFIED,0.12719098
TEMP<=30,PRESS=1,6<FR<=24,5<AA<=25,PURE IR,RU FREE,O FREE,0.4<ICA<=0.5,PURE PT,0.4<ICC<=0.5,1<AL<=1.5,CL>0.5,50<MEMBRANE<=125,1000<EW<=1100,DISQUALIFIED,0.13720471
TEMP<=30,PRESS=1,6<FR<=24,5<AA<=25,PURE IR,RU FREE,O FREE,0.4<ICA<=0.5,PURE PT,0.4<ICC<=0.5,AL>1.5,CL>0.5,50<MEMBRANE<=125,1000<EW<=1100,DISQUALIFIED,0.15048823
TEMP<=30,PRESS=1,6<FR<=24,5<AA<=25,PURE IR,RU FREE,O FREE,0.4<ICA<=0.5,PURE PT,0.4<ICC<=0.5,AL>1.5,CL>0.5,50<MEMBRANE<=125,1000<EW<=1100,DISQUALIFIED,0.17603346
TEMP<=30,PRESS=1,6<FR<=24,5<AA<=25,PURE IR,RU FREE,O FREE,0.4<ICA<=0.5,PURE PT,0.4<ICC<=0.5,AL>1.5,CL>0.5,50<MEMBRANE<=125,1000<EW<=1100,DISQUALIFIED,0.16152377
TEMP<=30,PRESS=1,6<FR<=24,5<AA<=25,PURE IR,RU FREE,O FREE,0.1<ICA<=0.2,PURE PT,0.4<ICC<=0.5,1<AL<=1.5,CL>0.5,50<MEMBRANE<=125,1000<EW<=1100,DISQUALIFIED,0.22385
TEMP<=30,PRESS=1,6<FR<=24,5<AA<=25,PURE IR,RU FREE,O FREE,0.2<ICA<=0.3,PURE PT,0.4<ICC<=0.5,1<AL<=1.5,CL>0.5,50<MEMBRANE<=125,1000<EW<=1100,DISQUALIFIED,0.22385
TEMP<=30,PRESS=1,6<FR<=24,5<AA<=25,PURE IR,RU FREE,O FREE,0.5<ICA<=0.75,PURE PT,0.4<ICC<=0.5,1<AL<=1.5,CL>0.5,50<MEMBRANE<=125,1000<EW<=1100,DISQUALIFIED,0.08113
TEMP<=30,PRESS=1,6<FR<=24,5<AA<=25,PURE IR,RU FREE,O FREE,0.4<ICA<=0.5,PURE PT,0.4<ICC<=0.5,1<AL<=1.5,CL>0.5,25<MEMBRANE<=50,1000<EW<=1100,DISQUALIFIED,0.18248
TEMP<=30,PRESS=1,6<FR<=24,5<AA<=25,PURE IR,RU FREE,O FREE,0.4<ICA<=0.5,PURE PT,0.4<ICC<=0.5,1<AL<=1.5,CL>0.5,50<MEMBRANE<=125,1000<EW<=1100,DISQUALIFIED,0.08566
40<TEMP<=50,PRESS=1,6<FR<=24,5<AA<=25,PURE IR,RU FREE,O FREE,0.5<ICA<=0.75,PURE PT,0.4<ICC<=0.5,1<AL<=1.5,CL>0.5,50<MEMBRANE<=125,1000<EW<=1100,DISQUALIFIED,0.30023
50<TEMP<=60,PRESS=1,6<FR<=24,5<AA<=25,PURE IR,RU FREE,O FREE,0.5<ICA<=0.75,PURE PT,0.4<ICC<=0.5,1<AL<=1.5,CL>0.5,50<MEMBRANE<=125,1000<EW<=1100,DISQUALIFIED,0.41116
70<TEMP<=80,PRESS=1,6<FR<=24,5<AA<=25,PURE IR,RU FREE,O FREE,0.5<ICA<=0.75,PURE PT,0.4<ICC<=0.5,1<AL<=1.5,CL>0.5,50<MEMBRANE<=125,1000<EW<=1100,DISQUALIFIED,0.5565
70<TEMP<=80,PRESS=1,6<FR<=24,5<AA<=25,PURE IR,RU FREE,O FREE,0.5<ICA<=0.75,PURE PT,0.4<ICC<=0.5,1<AL<=1.5,CL>0.5,50<MEMBRANE<=125,1000<EW<=1100,DISQUALIFIED,0.62833
TEMP<=30,PRESS=1,6<FR<=24,5<AA<=25,IR<=25,RU FREE,O FREE,0.4<ICA<=0.5,PURE PT,0.4<ICC<=0.5,AL<=0.25,CL>0.5,50<MEMBRANE<=125,1000<EW<=1100,DISQUALIFIED,0.22797
TEMP<=30,PRESS=1,6<FR<=24,5<AA<=25,PURE IR,RU FREE,O FREE,0.4<ICA<=0.5,PURE PT,0.4<ICC<=0.5,1<AL<=1.5,CL>0.5,50<MEMBRANE<=125,1000<EW<=1100,DISQUALIFIED,0.19019
TEMP<=30,PRESS=1,6<FR<=24,5<AA<=25,IR<=25,RU FREE,O FREE,0.4<ICA<=0.5,PURE PT,0.4<ICC<=0.5,AL<=0.25,CL>0.5,50<MEMBRANE<=125,1000<EW<=1100,DISQUALIFIED,0.21962
50<TEMP<=60,PRESS=1,FR<=3,5<AA<=25,85<IR<100,RU FREE,0<O<=15,0.3<ICA<=0.4,60<PT<100,0<ICC<=0.3,AL>1.5,CL>0.5,125<MEMBRANE<=175,1000<EW<=1100,DISQUALIFIED,0.3254
70<TEMP<=80,PRESS=1,FR<=3,5<AA<=25,85<IR<100,RU FREE,0<O<=15,0.3<ICA<=0.4,60<PT<100,0<ICC<=0.3,AL>1.5,CL>0.5,125<MEMBRANE<=175,1000<EW<=1100,DISQUALIFIED,0.53063
50<TEMP<=60,PRESS=1,FR<=3,5<AA<=25,85<IR<100,RU FREE,0<O<=15,0.4<ICA<=0.5,60<PT<100,0.3<ICC<=0.4,AL>1.5,CL>0.5,125<MEMBRANE<=175,1000<EW<=1100,DISQUALIFIED,0.40181
50<TEMP<=60,PRESS=1,FR<=3,5<AA<=25,85<IR<100,RU FREE,0<O<=15,0.4<ICA<=0.5,60<PT<100,0<ICC<=0.3,AL>1.5,CL>0.5,125<MEMBRANE<=175,1000<EW<=1100,DISQUALIFIED,0.41495
60<TEMP<=70,PRESS=1,FR<=3,5<AA<=25,85<IR<100,RU FREE,0<O<=15,0.4<ICA<=0.5,60<PT<100,0<ICC<=0.3,AL>1.5,CL>0.5,125<MEMBRANE<=175,1000<EW<=1100,DISQUALIFIED,0.45263
60<TEMP<=70,PRESS=1,FR<=3,5<AA<=25,85<IR<100,RU FREE,0<O<=15,0.4<ICA<=0.5,60<PT<100,0<ICC<=0.3,AL>1.5,CL>0.5,125<MEMBRANE<=175,1000<EW<=1100,DISQUALIFIED,0.45644
70<TEMP<=80,PRESS=1,FR>24,AA<=5,85<IR<100,RU FREE,0<O<=15,0.5<ICA<=0.75,20<PT<=40,0.5<ICC<=0.7,1<AL<=1.5,0.25<CL<=0.5,50<MEMBRANE<=125,1000<EW<=1100,DISQUALIFIED,0.60665
70<TEMP<=80,PRESS=1,FR>24,AA<=5,85<IR<100,RU FREE,0<O<=15,0.5<ICA<=0.75,20<PT<=40,0.5<ICC<=0.7,AL<=0.25,0.25<CL<=0.5,50<MEMBRANE<=125,1000<EW<=1100,DISQUALIFIED,0.51223
70<TEMP<=80,PRESS=1,FR>24,AA<=5,85<IR<100,RU FREE,0<O<=15,0.5<ICA<=0.75,20<PT<=40,0.5<ICC<=0.7,AL<=0.25,0.25<CL<=0.5,50<MEMBRANE<=125,1000<EW<=1100,DISQUALIFIED,0.29397
70<TEMP<=80,PRESS=1,FR>24,5<AA<=25,85<IR<100,RU FREE,0<O<=15,0.3<ICA<=0.4,40<PT<=60,0<ICC<=0.3,AL>1.5,CL>0.5,125<MEMBRANE<=175,1000<EW<=1100,DISQUALIFIED,0.79227
70<TEMP<=80,PRESS=1,FR>24,5<AA<=25,85<IR<100,RU FREE,0<O<=15,0.2<ICA<=0.3,40<PT<=60,0<ICC<=0.3,AL>1.5,CL>0.5,125<MEMBRANE<=175,1000<EW<=1100,DISQUALIFIED,0.79227
70<TEMP<=80,PRESS=1,FR>24,5<AA<=25,85<IR<100,RU FREE,0<O<=15,0.2<ICA<=0.3,40<PT<=60,0<ICC<=0.3,AL>1.5,CL>0.5,125<MEMBRANE<=175,1000<EW<=1100,DISQUALIFIED,0.6262
70<TEMP<=80,PRESS=1,FR>24,5<AA<=25,85<IR<100,RU FREE,0<O<=15,0.3<ICA<=0.4,60<PT<100,0<ICC<=0.3,AL>1.5,CL>0.5,125<MEMBRANE<=175,1000<EW<=1100,DISQUALIFIED,0.58273
70<TEMP<=80,PRESS=1,FR>24,5<AA<=25,85<IR<100,RU FREE,0<O<=15,0.3<ICA<=0.4,40<PT<=60,0<ICC<=0.3,AL>1.5,CL>0.5,125<MEMBRANE<=175,1000<EW<=1100,DISQUALIFIED,0.55938
70<TEMP<=80,PRESS=1,FR>24,5<AA<=25,85<IR<100,RU FREE,0<O<=15,0.2<ICA<=0.3,40<PT<=60,0<ICC<=0.3,AL>1.5,CL>0.5,125<MEMBRANE<=175,1000<EW<=1100,DISQUALIFIED,0.53537
70<TEMP<=80,PRESS=1,FR>24,5<AA<=25,85<IR<100,RU FREE,0<O<=15,0.2<ICA<=0.3,60<PT<100,0<ICC<=0.3,AL>1.5,CL>0.5,125<MEMBRANE<=175,1000<EW<=1100,DISQUALIFIED,0.51202
TEMP<=30,PRESS=1,FR>24,AA<=5,25<IR<=50,25<RU<=50,0<O<=15,0.5<ICA<=0.75,0<PT<=20,0.7<ICC<=1,AL>1.5,0.25<CL<=0.5,50<MEMBRANE<=125,1000<EW<=1100,DISQUALIFIED,0.00758492
TEMP<=30,PRESS=1,FR>24,AA<=5,50<IR<=75,0<RU<=25,0<O<=15,0.5<ICA<=0.75,0<PT<=20,0.7<ICC<=1,AL>1.5,0.25<CL<=0.5,50<MEMBRANE<=125,1000<EW<=1100,DISQUALIFIED,0.0050019
70<TEMP<=80,PRESS=1,6<FR<=24,AA<=5,85<IR<100,RU FREE,0<O<=15,0<ICA<=0.1,40<PT<=60,0.4<ICC<=0.5,1<AL<=1.5,0<CL<=0.25,MEMBRANE<=25,1000<EW<=1100,DISQUALIFIED,1.01965
70<TEMP<=80,PRESS=1,6<FR<=24,AA<=5,85<IR<100,RU FREE,0<O<=15,0<ICA<=0.1,40<PT<=60,0.4<ICC<=0.5,1<AL<=1.5,0<CL<=0.25,MEMBRANE<=25,1000<EW<=1100,DISQUALIFIED,1.01965
80<TEMP<=90,PRESS=1,FR>24,5<AA<=25,85<IR<100,RU FREE,0<O<=15,0<ICA<=0.1,20<PT<=40,ICC>2,AL>1.5,CL>0.5,50<MEMBRANE<=125,1000<EW<=1100,DISQUALIFIED,0.46862
80<TEMP<=90,PRESS=1,FR>24,5<AA<=25,85<IR<100,RU FREE,0<O<=15,0<ICA<=0.1,20<PT<=40,ICC>2,AL>1.5,CL>0.5,50<MEMBRANE<=125,1000<EW<=1100,DISQUALIFIED,0.43263
80<TEMP<=90,PRESS=1,FR>24,5<AA<=25,85<IR<100,RU FREE,0<O<=15,0<ICA<=0.1,20<PT<=40,ICC>2,AL>1.5,CL>0.5,50<MEMBRANE<=125,1000<EW<=1100,DISQUALIFIED,0.47208
80<TEMP<=90,PRESS=1,FR>24,5<AA<=25,85<IR<100,RU FREE,0<O<=15,0<ICA<=0.1,20<PT<=40,ICC>2,AL>1.5,CL>0.5,50<MEMBRANE<=125,1000<EW<=1100,DISQUALIFIED,0.45129
80<TEMP<=90,PRESS=1,FR>24,5<AA<=25,85<IR<100,RU FREE,0<O<=15,0<ICA<=0.1,20<PT<=40,ICC>2,AL>1.5,CL>0.5,50<MEMBRANE<=125,1000<EW<=1100,DISQUALIFIED,0.40038
80<TEMP<=90,PRESS=1,6<FR<=24,5<AA<=25,85<IR<100,RU FREE,0<O<=15,0<ICA<=0.1,0<PT<=20,0<ICC<=0.3,AL>1.5,0.25<CL<=0.5,50<MEMBRANE<=125,1000<EW<=1100,DISQUALIFIED,0.54632
50<TEMP<=60,PRESS=1,FR>24,AA>25,PURE IR,RU FREE,O FREE,0.5<ICA<=0.75,PURE PT,ICC>2,0.75<AL<=1,CL>0.5,50<MEMBRANE<=125,1000<EW<=1100,DISQUALIFIED,0.14977
50<TEMP<=60,PRESS=1,FR>24,AA>25,PURE IR,RU FREE,O FREE,0.5<ICA<=0.75,PURE PT,ICC>2,0.75<AL<=1,CL>0.5,50<MEMBRANE<=125,1000<EW<=1100,DISQUALIFIED,0.21584
50<TEMP<=60,PRESS=1,FR>24,AA>25,PURE IR,RU FREE,O FREE,0.4<ICA<=0.5,PURE PT,ICC>2,0.75<AL<=1,CL>0.5,50<MEMBRANE<=125,1000<EW<=1100,DISQUALIFIED,0.18298
70<TEMP<=80,PRESS=1,FR<=3,AA<=5,50<IR<=75,0<RU<=25,0<O<=15,0.1<ICA<=0.2,20<PT<=40,0.3<ICC<=0.4,0.25<AL<=0.5,0<CL<=0.25,50<MEMBRANE<=125,900<EW<=1000,DISQUALIFIED,0.82555
70<TEMP<=80,PRESS=1,FR<=3,AA<=5,50<IR<=75,0<RU<=25,0<O<=15,0.1<ICA<=0.2,20<PT<=40,0.3<ICC<=0.4,0.25<AL<=0.5,0<CL<=0.25,50<MEMBRANE<=125,900<EW<=1000,DISQUALIFIED,0.67246
70<TEMP<=80,PRESS=1,FR<=3,AA<=5,50<IR<=75,0<RU<=25,0<O<=15,0.1<ICA<=0.2,20<PT<=40,0.3<ICC<=0.4,1<AL<=1.5,0.25<CL<=0.5,50<MEMBRANE<=125,900<EW<=1000,DISQUALIFIED,1.03156
70<TEMP<=80,PRESS=1,FR<=3,AA<=5,50<IR<=75,0<RU<=25,0<O<=15,0.1<ICA<=0.2,20<PT<=40,0.3<ICC<=0.4,1<AL<=1.5,0<CL<=0.25,50<MEMBRANE<=125,900<EW<=1000,DISQUALIFIED,1.06993
TEMP<=30,PRESS=1,FR<=3,AA<=5,50<IR<=75,0<RU<=25,0<O<=15,0.1<ICA<=0.2,20<PT<=40,0.3<ICC<=0.4,1<AL<=1.5,0<CL<=0.25,50<MEMBRANE<=125,900<EW<=1000,DISQUALIFIED,0.31789
30<TEMP<=40,PRESS=1,FR<=3,AA<=5,50<IR<=75,0<RU<=25,0<O<=15,0.1<ICA<=0.2,20<PT<=40,0.3<ICC<=0.4,1<AL<=1.5,0<CL<=0.25,50<MEMBRANE<=125,900<EW<=1000,DISQUALIFIED,0.44648
50<TEMP<=60,PRESS=1,FR<=3,AA<=5,50<IR<=75,0<RU<=25,0<O<=15,0.1<ICA<=0.2,20<PT<=40,0.3<ICC<=0.4,1<AL<=1.5,0<CL<=0.25,50<MEMBRANE<=125,900<EW<=1000,DISQUALIFIED,0.71042
80<TEMP<=90,PRESS=1,FR<=3,AA<=5,50<IR<=75,0<RU<=25,0<O<=15,0.1<ICA<=0.2,20<PT<=40,0.3<ICC<=0.4,1<AL<=1.5,0<CL<=0.25,50<MEMBRANE<=125,900<EW<=1000,QUALIFIED,1.29782
50<TEMP<=60,PRESS=1,FR>24,AA<=5,85<IR<100,RU FREE,0<O<=15,0.5<ICA<=0.75,PURE PT,0.5<ICC<=0.7,AL>1.5,CL>0.5,125<MEMBRANE<=175,1000<EW<=1100,DISQUALIFIED,0.68032
70<TEMP<=80,PRESS=1,FR>24,AA<=5,85<IR<100,RU FREE,0<O<=15,ICA=0,0<PT<=20,0.4<ICC<=0.5,0.25<AL<=0.5,0<CL<=0.25,25<MEMBRANE<=50,1000<EW<=1100,QUALIFIED,1.50488
70<TEMP<=80,PRESS=1,FR>24,AA<=5,85<IR<100,RU FREE,0<O<=15,0<ICA<=0.1,0<PT<=20,0.4<ICC<=0.5,0.25<AL<=0.5,0<CL<=0.25,25<MEMBRANE<=50,1000<EW<=1100,QUALIFIED,1.65721
70<TEMP<=80,PRESS=1,FR>24,AA<=5,85<IR<100,RU FREE,0<O<=15,0.1<ICA<=0.2,0<PT<=20,0.4<ICC<=0.5,0.25<AL<=0.5,0<CL<=0.25,25<MEMBRANE<=50,1000<EW<=1100,QUALIFIED,1.42539
70<TEMP<=80,PRESS=1,FR>24,AA<=5,85<IR<100,RU FREE,0<O<=15,0.2<ICA<=0.3,0<PT<=20,0.4<ICC<=0.5,0.25<AL<=0.5,0<CL<=0.25,25<MEMBRANE<=50,1000<EW<=1100,QUALIFIED,1.30193
70<TEMP<=80,PRESS=1,FR>24,AA<=5,85<IR<100,RU FREE,0<O<=15,0.4<ICA<=0.5,0<PT<=20,0.4<ICC<=0.5,0.25<AL<=0.5,0<CL<=0.25,25<MEMBRANE<=50,1000<EW<=1100,DISQUALIFIED,1.00482
TEMP<=30,PRESS=1,FR>24,AA<=5,85<IR<100,RU FREE,0<O<=15,0<ICA<=0.1,0<PT<=20,0.4<ICC<=0.5,0.25<AL<=0.5,0<CL<=0.25,25<MEMBRANE<=50,1000<EW<=1100,DISQUALIFIED,0.30416
30<TEMP<=40,PRESS=1,FR>24,AA<=5,85<IR<100,RU FREE,0<O<=15,0<ICA<=0.1,0<PT<=20,0.4<ICC<=0.5,0.25<AL<=0.5,0<CL<=0.25,25<MEMBRANE<=50,1000<EW<=1100,DISQUALIFIED,0.80444
50<TEMP<=60,PRESS=1,FR>24,AA<=5,85<IR<100,RU FREE,0<O<=15,0<ICA<=0.1,0<PT<=20,0.4<ICC<=0.5,0.25<AL<=0.5,0<CL<=0.25,25<MEMBRANE<=50,1000<EW<=1100,QUALIFIED,1.29173
80<TEMP<=90,PRESS=1,FR>24,AA<=5,85<IR<100,RU FREE,0<O<=15,0<ICA<=0.1,0<PT<=20,0.4<ICC<=0.5,0.25<AL<=0.5,0<CL<=0.25,25<MEMBRANE<=50,1000<EW<=1100,QUALIFIED,1.8296
TEMP<=30,PRESS=1,FR<=3,5<AA<=25,PURE IR,RU FREE,O FREE,0.4<ICA<=0.5,PURE PT,0.4<ICC<=0.5,AL>1.5,CL>0.5,125<MEMBRANE<=175,1000<EW<=1100,DISQUALIFIED,0.07386
TEMP<=30,PRESS=1,FR<=3,5<AA<=25,PURE IR,RU FREE,O FREE,0.4<ICA<=0.5,PURE PT,0.4<ICC<=0.5,AL>1.5,CL>0.5,125<MEMBRANE<=175,1000<EW<=1100,DISQUALIFIED,0.08975
TEMP<=30,PRESS=1,3<FR<=6,5<AA<=25,PURE IR,RU FREE,O FREE,0.4<ICA<=0.5,PURE PT,0.3<ICC<=0.4,AL>1.5,CL>0.5,125<MEMBRANE<=175,1000<EW<=1100,DISQUALIFIED,0.09988
70<TEMP<=80,PRESS=1,FR>24,5<AA<=25,85<IR<100,RU FREE,0<O<=15,0.1<ICA<=0.2,40<PT<=60,0<ICC<=0.3,AL>1.5,CL>0.5,125<MEMBRANE<=175,1000<EW<=1100,DISQUALIFIED,0.55015
70<TEMP<=80,PRESS=1,FR>24,5<AA<=25,85<IR<100,RU FREE,0<O<=15,0.1<ICA<=0.2,40<PT<=60,0<ICC<=0.3,AL>1.5,CL>0.5,125<MEMBRANE<=175,1000<EW<=1100,DISQUALIFIED,0.6209
70<TEMP<=80,PRESS=1,FR>24,5<AA<=25,85<IR<100,RU FREE,0<O<=15,0.1<ICA<=0.2,40<PT<=60,0<ICC<=0.3,AL>1.5,CL>0.5,125<MEMBRANE<=175,1000<EW<=1100,DISQUALIFIED,0.57354
70<TEMP<=80,PRESS=1,FR<=3,AA<=5,25<IR<=50,RU FREE,15<O<=25,0.1<ICA<=0.2,20<PT<=40,0.3<ICC<=0.4,AL<=0.25,0<CL<=0.25,25<MEMBRANE<=50,1000<EW<=1100,DISQUALIFIED,0.9168177
70<TEMP<=80,PRESS=1,FR<=3,AA<=5,25<IR<=50,RU FREE,15<O<=25,0.1<ICA<=0.2,20<PT<=40,0.3<ICC<=0.4,AL<=0.25,0<CL<=0.25,25<MEMBRANE<=50,1000<EW<=1100,QUALIFIED,2.0100915
70<TEMP<=80,PRESS=1,FR<=3,AA<=5,25<IR<=50,RU FREE,15<O<=25,0.1<ICA<=0.2,20<PT<=40,0.3<ICC<=0.4,AL<=0.25,0<CL<=0.25,25<MEMBRANE<=50,1000<EW<=1100,QUALIFIED,1.56019509
70<TEMP<=80,PRESS=1,FR<=3,AA<=5,25<IR<=50,RU FREE,15<O<=25,0.1<ICA<=0.2,20<PT<=40,0.3<ICC<=0.4,AL<=0.25,0<CL<=0.25,25<MEMBRANE<=50,1000<EW<=1100,DISQUALIFIED,0.67230878
70<TEMP<=80,PRESS=1,FR<=3,AA<=5,25<IR<=50,RU FREE,15<O<=25,0.1<ICA<=0.2,20<PT<=40,0.3<ICC<=0.4,AL<=0.25,0<CL<=0.25,25<MEMBRANE<=50,EW>1100,QUALIFIED,2.01987186
70<TEMP<=80,PRESS=1,FR<=3,AA<=5,25<IR<=50,RU FREE,15<O<=25,0<ICA<=0.1,20<PT<=40,0.3<ICC<=0.4,AL<=0.25,0<CL<=0.25,25<MEMBRANE<=50,EW>1100,QUALIFIED,1.6456669
70<TEMP<=80,PRESS=1,FR>24,AA>25,PURE IR,RU FREE,O FREE,0.75<ICA<1.5,PURE PT,ICC>2,AL<=0.25,0.25<CL<=0.5,125<MEMBRANE<=175,1000<EW<=1100,DISQUALIFIED,0.11905
60<TEMP<=70,PRESS=1,FR>24,5<AA<=25,85<IR<100,RU FREE,0<O<=15,0.3<ICA<=0.4,PURE PT,0<ICC<=0.3,0.75<AL<=1,0.25<CL<=0.5,50<MEMBRANE<=125,1000<EW<=1100,DISQUALIFIED,0.69000915
60<TEMP<=70,PRESS=1,FR>24,5<AA<=25,85<IR<100,RU FREE,0<O<=15,0.3<ICA<=0.4,PURE PT,0.3<ICC<=0.4,0.75<AL<=1,0.25<CL<=0.5,125<MEMBRANE<=175,1000<EW<=1100,DISQUALIFIED,0.4421
60<TEMP<=70,PRESS=1,FR>24,5<AA<=25,85<IR<100,RU FREE,0<O<=15,ICA>1.5,PURE PT,ICC>2,0.75<AL<=1,0.25<CL<=0.5,MEMBRANE>175,1000<EW<=1100,DISQUALIFIED,0.33601
50<TEMP<=60,PRESS=1,FR>24,5<AA<=25,85<IR<100,RU FREE,0<O<=15,0.2<ICA<=0.3,PURE PT,0.4<ICC<=0.5,0.75<AL<=1,0.25<CL<=0.5,50<MEMBRANE<=125,1000<EW<=1100,DISQUALIFIED,0.44132
70<TEMP<=80,PRESS=1,FR>24,5<AA<=25,85<IR<100,RU FREE,0<O<=15,0.2<ICA<=0.3,PURE PT,0.3<ICC<=0.4,0.75<AL<=1,0.25<CL<=0.5,50<MEMBRANE<=125,1000<EW<=1100,DISQUALIFIED,0.67559
TEMP<=30,PRESS=1,FR>24,AA<=5,85<IR<100,RU FREE,0<O<=15,0.1<ICA<=0.2,0<PT<=20,0<ICC<=0.3,AL>1.5,0.25<CL<=0.5,50<MEMBRANE<=125,1000<EW<=1100,DISQUALIFIED,0.07305
40<TEMP<=50,PRESS=1,FR>24,AA<=5,85<IR<100,RU FREE,0<O<=15,0.1<ICA<=0.2,0<PT<=20,0<ICC<=0.3,AL>1.5,0.25<CL<=0.5,50<MEMBRANE<=125,1000<EW<=1100,DISQUALIFIED,0.17133
70<TEMP<=80,PRESS=1,6<FR<=24,AA<=5,85<IR<100,RU FREE,0<O<=15,0.1<ICA<=0.2,0<PT<=20,0<ICC<=0.3,AL>1.5,0.25<CL<=0.5,50<MEMBRANE<=125,1000<EW<=1100,DISQUALIFIED,0.45845
70<TEMP<=80,PRESS=1,6<FR<=24,AA<=5,50<IR<=75,RU FREE,15<O<=25,0.1<ICA<=0.2,0<PT<=20,0<ICC<=0.3,1<AL<=1.5,0.25<CL<=0.5,50<MEMBRANE<=125,1000<EW<=1100,DISQUALIFIED,0.28664
70<TEMP<=80,PRESS=1,6<FR<=24,AA<=5,50<IR<=75,RU FREE,15<O<=25,0.1<ICA<=0.2,0<PT<=20,0<ICC<=0.3,1<AL<=1.5,0.25<CL<=0.5,50<MEMBRANE<=125,1000<EW<=1100,DISQUALIFIED,0.08896
70<TEMP<=80,PRESS=1,6<FR<=24,AA<=5,75<IR<=85,RU FREE,0<O<=15,0.1<ICA<=0.2,0<PT<=20,0<ICC<=0.3,AL>1.5,0.25<CL<=0.5,50<MEMBRANE<=125,1000<EW<=1100,DISQUALIFIED,0.43393
70<TEMP<=80,PRESS=1,FR>24,AA>25,85<IR<100,RU FREE,O FREE,0.75<ICA<1.5,PURE PT,ICC>2,AL<=0.25,CL>0.5,50<MEMBRANE<=125,1000<EW<=1100,DISQUALIFIED,0.95209
70<TEMP<=80,PRESS=1,FR>24,AA>25,85<IR<100,RU FREE,O FREE,0.75<ICA<1.5,PURE PT,ICC>2,AL<=0.25,CL>0.5,125<MEMBRANE<=175,1000<EW<=1100,DISQUALIFIED,0.43199
70<TEMP<=80,PRESS=1,FR>24,AA>25,85<IR<100,RU FREE,O FREE,0.75<ICA<1.5,PURE PT,ICC>2,AL<=0.25,CL>0.5,125<MEMBRANE<=175,1000<EW<=1100,DISQUALIFIED,0.80695
70<TEMP<=80,PRESS=1,FR>24,AA>25,85<IR<100,RU FREE,O FREE,0.75<ICA<1.5,PURE PT,ICC>2,AL<=0.25,CL>0.5,125<MEMBRANE<=175,1000<EW<=1100,DISQUALIFIED,0.46465
70<TEMP<=80,PRESS=1,FR>24,AA>25,PURE IR,RU FREE,O FREE,0.75<ICA<1.5,PURE PT,ICC>2,AL<=0.25,CL>0.5,125<MEMBRANE<=175,1000<EW<=1100,DISQUALIFIED,0.37272
70<TEMP<=80,PRESS=1,FR>24,AA>25,85<IR<100,RU FREE,0<O<=15,0.75<ICA<1.5,PURE PT,ICC>2,AL<=0.25,CL>0.5,MEMBRANE>175,1000<EW<=1100,DISQUALIFIED,0.38603
70<TEMP<=80,PRESS=1,FR<=3,AA<=5,85<IR<100,RU FREE,0<O<=15,0.3<ICA<=0.4,20<PT<=40,0.3<ICC<=0.4,0.5<AL<=0.75,0<CL<=0.25,25<MEMBRANE<=50,1000<EW<=1100,DISQUALIFIED,0.78899
70<TEMP<=80,PRESS=1,FR<=3,AA<=5,25<IR<=50,RU FREE,15<O<=25,0.3<ICA<=0.4,20<PT<=40,0.3<ICC<=0.4,0.25<AL<=0.5,0<CL<=0.25,25<MEMBRANE<=50,1000<EW<=1100,DISQUALIFIED,1.05354
70<TEMP<=80,PRESS=1,FR<=3,AA<=5,25<IR<=50,RU FREE,15<O<=25,0.3<ICA<=0.4,20<PT<=40,0.3<ICC<=0.4,0.25<AL<=0.5,0<CL<=0.25,25<MEMBRANE<=50,1000<EW<=1100,QUALIFIED,1.31167
30<TEMP<=40,PRESS=1,FR<=3,AA<=5,25<IR<=50,RU FREE,15<O<=25,0.3<ICA<=0.4,20<PT<=40,0.3<ICC<=0.4,0.25<AL<=0.5,0<CL<=0.25,25<MEMBRANE<=50,1000<EW<=1100,DISQUALIFIED,0.05396
30<TEMP<=40,PRESS=1,FR<=3,AA<=5,25<IR<=50,RU FREE,15<O<=25,0.3<ICA<=0.4,20<PT<=40,0.3<ICC<=0.4,0.25<AL<=0.5,0<CL<=0.25,25<MEMBRANE<=50,1000<EW<=1100,DISQUALIFIED,0.02542
70<TEMP<=80,PRESS=1,6<FR<=24,AA<=5,50<IR<=75,0<RU<=25,0<O<=15,ICA=0,PURE PT,ICC=0,AL>1.5,0<CL<=0.25,50<MEMBRANE<=125,1000<EW<=1100,DISQUALIFIED,0.43493
70<TEMP<=80,PRESS=1,6<FR<=24,AA<=5,50<IR<=75,0<RU<=25,0<O<=15,ICA=0,PURE PT,ICC=0,AL>1.5,0<CL<=0.25,50<MEMBRANE<=125,1000<EW<=1100,DISQUALIFIED,0.52502
70<TEMP<=80,PRESS=1,6<FR<=24,AA<=5,50<IR<=75,0<RU<=25,0<O<=15,ICA=0,PURE PT,ICC=0,AL>1.5,0<CL<=0.25,50<MEMBRANE<=125,1000<EW<=1100,DISQUALIFIED,0.84865
70<TEMP<=80,PRESS=1,6<FR<=24,AA<=5,50<IR<=75,0<RU<=25,0<O<=15,ICA=0,PURE PT,ICC=0,AL>1.5,0<CL<=0.25,50<MEMBRANE<=125,1000<EW<=1100,DISQUALIFIED,0.47883
70<TEMP<=80,PRESS=1,6<FR<=24,AA<=5,25<IR<=50,RU FREE,15<O<=25,0.1<ICA<=0.2,0<PT<=20,0<ICC<=0.3,0.5<AL<=0.75,0.25<CL<=0.5,50<MEMBRANE<=125,1000<EW<=1100,DISQUALIFIED,0.07179
70<TEMP<=80,PRESS=1,6<FR<=24,AA<=5,75<IR<=85,RU FREE,0<O<=15,0.1<ICA<=0.2,0<PT<=20,0<ICC<=0.3,AL>1.5,0.25<CL<=0.5,50<MEMBRANE<=125,1000<EW<=1100,DISQUALIFIED,0.45365
50<TEMP<=60,PRESS=1,3<FR<=6,5<AA<=25,25<IR<=50,RU FREE,15<O<=25,0.4<ICA<=0.5,20<PT<=40,0.4<ICC<=0.5,0.25<AL<=0.5,CL>0.5,50<MEMBRANE<=125,1000<EW<=1100,DISQUALIFIED,0.06535
60<TEMP<=70,PRESS=1,3<FR<=6,5<AA<=25,25<IR<=50,RU FREE,15<O<=25,0.4<ICA<=0.5,20<PT<=40,0.4<ICC<=0.5,0.25<AL<=0.5,CL>0.5,50<MEMBRANE<=125,1000<EW<=1100,DISQUALIFIED,0.09404
70<TEMP<=80,PRESS=1,3<FR<=6,5<AA<=25,25<IR<=50,RU FREE,15<O<=25,0.4<ICA<=0.5,20<PT<=40,0.4<ICC<=0.5,0.25<AL<=0.5,CL>0.5,50<MEMBRANE<=125,1000<EW<=1100,DISQUALIFIED,0.16403
50<TEMP<=60,PRESS=1,3<FR<=6,5<AA<=25,25<IR<=50,RU FREE,O>25,0.4<ICA<=0.5,20<PT<=40,0.4<ICC<=0.5,AL<=0.25,CL>0.5,50<MEMBRANE<=125,1000<EW<=1100,DISQUALIFIED,0.04215
60<TEMP<=70,PRESS=1,3<FR<=6,5<AA<=25,25<IR<=50,RU FREE,O>25,0.4<ICA<=0.5,20<PT<=40,0.4<ICC<=0.5,AL<=0.25,CL>0.5,50<MEMBRANE<=125,1000<EW<=1100,DISQUALIFIED,0.04646
70<TEMP<=80,PRESS=1,3<FR<=6,5<AA<=25,25<IR<=50,RU FREE,O>25,0.4<ICA<=0.5,20<PT<=40,0.4<ICC<=0.5,AL<=0.25,CL>0.5,50<MEMBRANE<=125,1000<EW<=1100,DISQUALIFIED,0.07041
80<TEMP<=90,PRESS>3,6<FR<=24,AA<=5,PURE IR,RU FREE,O FREE,0.3<ICA<=0.4,20<PT<=40,0.5<ICC<=0.7,AL>1.5,CL>0.5,50<MEMBRANE<=125,1000<EW<=1100,DISQUALIFIED,0.36857
80<TEMP<=90,PRESS>3,FR<=3,AA<=5,IR<=25,25<RU<=50,15<O<=25,0.3<ICA<=0.4,20<PT<=40,0.4<ICC<=0.5,1<AL<=1.5,CL>0.5,50<MEMBRANE<=125,1000<EW<=1100,DISQUALIFIED,0.53354
80<TEMP<=90,PRESS>3,6<FR<=24,5<AA<=25,PURE IR,RU FREE,O FREE,0.5<ICA<=0.75,PT FREE,0.7<ICC<=1,AL>1.5,0<CL<=0.25,50<MEMBRANE<=125,1000<EW<=1100,DISQUALIFIED,0.72841
80<TEMP<=90,PRESS>3,6<FR<=24,5<AA<=25,75<IR<=85,RU FREE,15<O<=25,0.3<ICA<=0.4,20<PT<=40,0.4<ICC<=0.5,AL>1.5,CL>0.5,50<MEMBRANE<=125,1000<EW<=1100,DISQUALIFIED,0.65103
TEMP<=30,PRESS=1,6<FR<=24,5<AA<=25,75<IR<=85,RU FREE,15<O<=25,0.5<ICA<=0.75,20<PT<=40,0.3<ICC<=0.4,AL>1.5,CL>0.5,125<MEMBRANE<=175,1000<EW<=1100,DISQUALIFIED,0.21926
TEMP<=30,PRESS>3,6<FR<=24,5<AA<=25,75<IR<=85,RU FREE,15<O<=25,0.5<ICA<=0.75,20<PT<=40,0.3<ICC<=0.4,AL>1.5,CL>0.5,50<MEMBRANE<=125,1000<EW<=1100,DISQUALIFIED,0.1383
80<TEMP<=90,PRESS=1,6<FR<=24,AA<=5,75<IR<=85,RU FREE,15<O<=25,0.3<ICA<=0.4,20<PT<=40,0.4<ICC<=0.5,AL>1.5,CL>0.5,50<MEMBRANE<=125,1000<EW<=1100,DISQUALIFIED,0.72388
80<TEMP<=90,PRESS>3,3<FR<=6,5<AA<=25,75<IR<=85,RU FREE,15<O<=25,0.3<ICA<=0.4,20<PT<=40,0.4<ICC<=0.5,AL>1.5,CL>0.5,50<MEMBRANE<=125,1000<EW<=1100,DISQUALIFIED,0.70025
70<TEMP<=80,PRESS=1,FR>24,5<AA<=25,IR FREE,50<RU<=75,15<O<=25,0.75<ICA<1.5,PT FREE,0.7<ICC<=1,AL>1.5,CL>0.5,50<MEMBRANE<=125,1000<EW<=1100,DISQUALIFIED,0.08709
60<TEMP<=70,PRESS=1,FR>24,5<AA<=25,IR FREE,50<RU<=75,15<O<=25,0.75<ICA<1.5,PT FREE,0.7<ICC<=1,AL>1.5,CL>0.5,50<MEMBRANE<=125,1000<EW<=1100,DISQUALIFIED,0.06549
50<TEMP<=60,PRESS=1,FR>24,5<AA<=25,IR FREE,50<RU<=75,15<O<=25,0.75<ICA<1.5,PT FREE,0.7<ICC<=1,AL>1.5,CL>0.5,50<MEMBRANE<=125,1000<EW<=1100,DISQUALIFIED,0.0504
40<TEMP<=50,PRESS=1,FR>24,5<AA<=25,IR FREE,50<RU<=75,15<O<=25,0.75<ICA<1.5,PT FREE,0.7<ICC<=1,AL>1.5,CL>0.5,50<MEMBRANE<=125,1000<EW<=1100,DISQUALIFIED,0.03769
30<TEMP<=40,PRESS=1,FR>24,5<AA<=25,IR FREE,50<RU<=75,15<O<=25,0.75<ICA<1.5,PT FREE,0.7<ICC<=1,AL>1.5,CL>0.5,50<MEMBRANE<=125,1000<EW<=1100,DISQUALIFIED,0.0212
TEMP<=30,PRESS=1,FR>24,5<AA<=25,IR FREE,50<RU<=75,15<O<=25,0.75<ICA<1.5,PT FREE,0.7<ICC<=1,AL>1.5,CL>0.5,50<MEMBRANE<=125,1000<EW<=1100,DISQUALIFIED,0.01148
70<TEMP<=80,PRESS=1,FR>24,5<AA<=25,IR FREE,50<RU<=75,15<O<=25,0.75<ICA<1.5,20<PT<=40,0.5<ICC<=0.7,AL>1.5,0<CL<=0.25,50<MEMBRANE<=125,1000<EW<=1100,DISQUALIFIED,0.10518
70<TEMP<=80,PRESS=1,3<FR<=6,AA<=5,25<IR<=50,0<RU<=25,0<O<=15,0.1<ICA<=0.2,20<PT<=40,0.3<ICC<=0.4,0.25<AL<=0.5,0<CL<=0.25,25<MEMBRANE<=50,900<EW<=1000,DISQUALIFIED,0.81621
70<TEMP<=80,PRESS=1,3<FR<=6,AA<=5,50<IR<=75,0<RU<=25,0<O<=15,0.1<ICA<=0.2,20<PT<=40,0.3<ICC<=0.4,AL<=0.25,0<CL<=0.25,25<MEMBRANE<=50,900<EW<=1000,QUALIFIED,1.30512
70<TEMP<=80,PRESS=1,3<FR<=6,AA<=5,25<IR<=50,0<RU<=25,0<O<=15,0.1<ICA<=0.2,20<PT<=40,0.3<ICC<=0.4,0.25<AL<=0.5,0<CL<=0.25,25<MEMBRANE<=50,900<EW<=1000,DISQUALIFIED,0.95449
70<TEMP<=80,PRESS=1,3<FR<=6,AA<=5,50<IR<=75,0<RU<=25,0<O<=15,0.1<ICA<=0.2,20<PT<=40,0.3<ICC<=0.4,AL<=0.25,0<CL<=0.25,25<MEMBRANE<=50,900<EW<=1000,DISQUALIFIED,0.89736
TEMP<=30,PRESS=1,3<FR<=6,AA<=5,25<IR<=50,0<RU<=25,0<O<=15,0.1<ICA<=0.2,20<PT<=40,0.3<ICC<=0.4,0.25<AL<=0.5,0<CL<=0.25,25<MEMBRANE<=50,900<EW<=1000,DISQUALIFIED,0.14432
30<TEMP<=40,PRESS=1,3<FR<=6,AA<=5,25<IR<=50,0<RU<=25,0<O<=15,0.1<ICA<=0.2,20<PT<=40,0.3<ICC<=0.4,0.25<AL<=0.5,0<CL<=0.25,25<MEMBRANE<=50,900<EW<=1000,DISQUALIFIED,0.2642
50<TEMP<=60,PRESS=1,3<FR<=6,AA<=5,25<IR<=50,0<RU<=25,0<O<=15,0.1<ICA<=0.2,20<PT<=40,0.3<ICC<=0.4,0.25<AL<=0.5,0<CL<=0.25,25<MEMBRANE<=50,900<EW<=1000,DISQUALIFIED,0.3638
50<TEMP<=60,PRESS=1,3<FR<=6,AA<=5,25<IR<=50,0<RU<=25,0<O<=15,0.1<ICA<=0.2,20<PT<=40,0.3<ICC<=0.4,0.25<AL<=0.5,0<CL<=0.25,25<MEMBRANE<=50,900<EW<=1000,DISQUALIFIED,0.44495
60<TEMP<=70,PRESS=1,3<FR<=6,AA<=5,25<IR<=50,0<RU<=25,0<O<=15,0.1<ICA<=0.2,20<PT<=40,0.3<ICC<=0.4,0.25<AL<=0.5,0<CL<=0.25,25<MEMBRANE<=50,900<EW<=1000,DISQUALIFIED,0.57406
80<TEMP<=90,PRESS=1,3<FR<=6,AA<=5,25<IR<=50,0<RU<=25,0<O<=15,0.1<ICA<=0.2,20<PT<=40,0.3<ICC<=0.4,0.25<AL<=0.5,0<CL<=0.25,25<MEMBRANE<=50,900<EW<=1000,DISQUALIFIED,1.01672
70<TEMP<=80,PRESS=1,FR>24,AA<=5,85<IR<100,RU FREE,0<O<=15,0.2<ICA<=0.3,PT FREE,1<ICC<=2,1<AL<=1.5,0<CL<=0.25,50<MEMBRANE<=125,1000<EW<=1100,DISQUALIFIED,0.02132
70<TEMP<=80,PRESS=1,FR>24,AA<=5,85<IR<100,RU FREE,0<O<=15,0.2<ICA<=0.3,PT FREE,1<ICC<=2,1<AL<=1.5,0<CL<=0.25,25<MEMBRANE<=50,1000<EW<=1100,DISQUALIFIED,0.04403
70<TEMP<=80,PRESS=1,FR>24,AA<=5,85<IR<100,RU FREE,0<O<=15,0.2<ICA<=0.3,40<PT<=60,1<ICC<=2,1<AL<=1.5,0.25<CL<=0.5,50<MEMBRANE<=125,1000<EW<=1100,DISQUALIFIED,0.30443
70<TEMP<=80,PRESS=1,FR>24,AA<=5,85<IR<100,RU FREE,0<O<=15,0.2<ICA<=0.3,40<PT<=60,1<ICC<=2,1<AL<=1.5,0.25<CL<=0.5,25<MEMBRANE<=50,1000<EW<=1100,DISQUALIFIED,0.60025
70<TEMP<=80,PRESS=1,FR>24,5<AA<=25,85<IR<100,RU FREE,0<O<=15,ICA>1.5,0<PT<=20,0.3<ICC<=0.4,0.75<AL<=1,0<CL<=0.25,25<MEMBRANE<=50,1000<EW<=1100,DISQUALIFIED,0.78002
TEMP<=30,PRESS=1,FR>24,AA<=5,85<IR<100,RU FREE,0<O<=15,0.5<ICA<=0.75,20<PT<=40,ICC>2,AL>1.5,0.25<CL<=0.5,50<MEMBRANE<=125,1000<EW<=1100,DISQUALIFIED,0.00471
TEMP<=30,PRESS=1,FR>24,AA<=5,85<IR<100,RU FREE,0<O<=15,0.4<ICA<=0.5,20<PT<=40,ICC>2,AL>1.5,0.25<CL<=0.5,50<MEMBRANE<=125,1000<EW<=1100,DISQUALIFIED,0.00536
TEMP<=30,PRESS=1,FR>24,AA<=5,85<IR<100,RU FREE,0<O<=15,0.5<ICA<=0.75,20<PT<=40,ICC>2,AL>1.5,0.25<CL<=0.5,50<MEMBRANE<=125,1000<EW<=1100,DISQUALIFIED,0.00475
70<TEMP<=80,PRESS=1,3<FR<=6,AA<=5,50<IR<=75,RU FREE,15<O<=25,0<ICA<=0.1,40<PT<=60,0.5<ICC<=0.7,AL>1.5,0.25<CL<=0.5,25<MEMBRANE<=50,1000<EW<=1100,QUALIFIED,1.29598
70<TEMP<=80,PRESS=1,3<FR<=6,AA<=5,50<IR<=75,RU FREE,15<O<=25,0.1<ICA<=0.2,40<PT<=60,0.5<ICC<=0.7,AL>1.5,0.25<CL<=0.5,25<MEMBRANE<=50,1000<EW<=1100,QUALIFIED,1.48953
70<TEMP<=80,PRESS=1,3<FR<=6,AA<=5,50<IR<=75,RU FREE,15<O<=25,0.3<ICA<=0.4,40<PT<=60,0.5<ICC<=0.7,AL>1.5,0.25<CL<=0.5,25<MEMBRANE<=50,1000<EW<=1100,DISQUALIFIED,0.99665
70<TEMP<=80,PRESS=1,3<FR<=6,AA<=5,50<IR<=75,RU FREE,15<O<=25,0.1<ICA<=0.2,40<PT<=60,0.5<ICC<=0.7,AL>1.5,0.25<CL<=0.5,25<MEMBRANE<=50,1000<EW<=1100,DISQUALIFIED,0.95131
70<TEMP<=80,PRESS=1,3<FR<=6,AA<=5,50<IR<=75,RU FREE,15<O<=25,0.1<ICA<=0.2,40<PT<=60,0.5<ICC<=0.7,AL>1.5,0.25<CL<=0.5,25<MEMBRANE<=50,1000<EW<=1100,DISQUALIFIED,0.76505
70<TEMP<=80,PRESS=1,3<FR<=6,AA<=5,50<IR<=75,RU FREE,15<O<=25,0.1<ICA<=0.2,40<PT<=60,0.5<ICC<=0.7,AL>1.5,0.25<CL<=0.5,25<MEMBRANE<=50,1000<EW<=1100,DISQUALIFIED,0.57239
50<TEMP<=60,PRESS=1,FR>24,AA<=5,85<IR<100,RU FREE,0<O<=15,0.75<ICA<1.5,20<PT<=40,1<ICC<=2,AL<=0.25,0.25<CL<=0.5,125<MEMBRANE<=175,1000<EW<=1100,DISQUALIFIED,0.38726
70<TEMP<=80,PRESS=1,FR>24,AA<=5,85<IR<100,RU FREE,0<O<=15,0.3<ICA<=0.4,20<PT<=40,0.5<ICC<=0.7,AL<=0.25,0.25<CL<=0.5,125<MEMBRANE<=175,1000<EW<=1100,DISQUALIFIED,0.60251
70<TEMP<=80,PRESS=1,3<FR<=6,AA<=5,50<IR<=75,0<RU<=25,0<O<=15,0.1<ICA<=0.2,20<PT<=40,0.3<ICC<=0.4,0.25<AL<=0.5,0<CL<=0.25,50<MEMBRANE<=125,900<EW<=1000,DISQUALIFIED,0.80528
70<TEMP<=80,PRESS=1,3<FR<=6,AA<=5,50<IR<=75,0<RU<=25,0<O<=15,0.1<ICA<=0.2,20<PT<=40,0.3<ICC<=0.4,0.25<AL<=0.5,0<CL<=0.25,50<MEMBRANE<=125,900<EW<=1000,DISQUALIFIED,0.83911
70<TEMP<=80,PRESS=1,3<FR<=6,AA<=5,50<IR<=75,0<RU<=25,0<O<=15,0.2<ICA<=0.3,20<PT<=40,0.5<ICC<=0.7,1<AL<=1.5,0<CL<=0.25,50<MEMBRANE<=125,900<EW<=1000,DISQUALIFIED,0.81114
70<TEMP<=80,PRESS=1,3<FR<=6,AA<=5,50<IR<=75,0<RU<=25,0<O<=15,0.2<ICA<=0.3,20<PT<=40,0.3<ICC<=0.4,1<AL<=1.5,0<CL<=0.25,50<MEMBRANE<=125,900<EW<=1000,DISQUALIFIED,0.60411
70<TEMP<=80,PRESS=1,3<FR<=6,AA<=5,50<IR<=75,0<RU<=25,0<O<=15,0.1<ICA<=0.2,20<PT<=40,0.3<ICC<=0.4,0.25<AL<=0.5,0<CL<=0.25,50<MEMBRANE<=125,900<EW<=1000,DISQUALIFIED,0.80746
70<TEMP<=80,PRESS=1,3<FR<=6,AA<=5,50<IR<=75,0<RU<=25,0<O<=15,0.1<ICA<=0.2,20<PT<=40,0.3<ICC<=0.4,0.25<AL<=0.5,0<CL<=0.25,50<MEMBRANE<=125,900<EW<=1000,DISQUALIFIED,0.60276
70<TEMP<=80,PRESS=1,FR>24,5<AA<=25,85<IR<100,RU FREE,0<O<=15,0.2<ICA<=0.3,40<PT<=60,0<ICC<=0.3,AL>1.5,CL>0.5,125<MEMBRANE<=175,1000<EW<=1100,DISQUALIFIED,0.68076
70<TEMP<=80,PRESS=1,FR>24,5<AA<=25,IR FREE,50<RU<=75,15<O<=25,0.5<ICA<=0.75,20<PT<=40,0.3<ICC<=0.4,AL>1.5,CL>0.5,50<MEMBRANE<=125,1000<EW<=1100,DISQUALIFIED,0.01542
70<TEMP<=80,PRESS=1,FR>24,5<AA<=25,IR FREE,25<RU<=50,15<O<=25,0.5<ICA<=0.75,20<PT<=40,0.4<ICC<=0.5,AL>1.5,CL>0.5,50<MEMBRANE<=125,1000<EW<=1100,DISQUALIFIED,0.005
70<TEMP<=80,PRESS=1,FR>24,5<AA<=25,IR FREE,0<RU<=25,15<O<=25,0.5<ICA<=0.75,20<PT<=40,0.4<ICC<=0.5,AL>1.5,CL>0.5,50<MEMBRANE<=125,1000<EW<=1100,DISQUALIFIED,0.005
TEMP<=30,PRESS=1,FR>24,5<AA<=25,IR FREE,50<RU<=75,15<O<=25,0.5<ICA<=0.75,20<PT<=40,0.3<ICC<=0.4,AL>1.5,CL>0.5,50<MEMBRANE<=125,1000<EW<=1100,DISQUALIFIED,0.001
30<TEMP<=40,PRESS=1,FR>24,5<AA<=25,IR FREE,50<RU<=75,15<O<=25,0.5<ICA<=0.75,20<PT<=40,0.3<ICC<=0.4,AL>1.5,CL>0.5,50<MEMBRANE<=125,1000<EW<=1100,DISQUALIFIED,0.001
40<TEMP<=50,PRESS=1,FR>24,5<AA<=25,IR FREE,50<RU<=75,15<O<=25,0.5<ICA<=0.75,20<PT<=40,0.3<ICC<=0.4,AL>1.5,CL>0.5,50<MEMBRANE<=125,1000<EW<=1100,DISQUALIFIED,0.001
50<TEMP<=60,PRESS=1,FR>24,5<AA<=25,IR FREE,50<RU<=75,15<O<=25,0.5<ICA<=0.75,20<PT<=40,0.3<ICC<=0.4,AL>1.5,CL>0.5,50<MEMBRANE<=125,1000<EW<=1100,DISQUALIFIED,0.001
60<TEMP<=70,PRESS=1,FR>24,5<AA<=25,IR FREE,50<RU<=75,15<O<=25,0.5<ICA<=0.75,20<PT<=40,0.4<ICC<=0.5,AL>1.5,CL>0.5,50<MEMBRANE<=125,1000<EW<=1100,DISQUALIFIED,0.001
50<TEMP<=60,PRESS=1,FR>24,AA<=5,85<IR<100,RU FREE,0<O<=15,ICA>1.5,0<PT<=20,ICC>2,AL>1.5,0<CL<=0.25,25<MEMBRANE<=50,1000<EW<=1100,DISQUALIFIED,0.3833
50<TEMP<=60,PRESS=1,FR>24,AA<=5,85<IR<100,RU FREE,0<O<=15,ICA>1.5,0<PT<=20,ICC>2,AL>1.5,0<CL<=0.25,25<MEMBRANE<=50,1000<EW<=1100,DISQUALIFIED,0.30405
70<TEMP<=80,PRESS=1,FR<=3,AA<=5,85<IR<100,RU FREE,0<O<=15,0.1<ICA<=0.2,20<PT<=40,0.3<ICC<=0.4,0.5<AL<=0.75,0<CL<=0.25,25<MEMBRANE<=50,1000<EW<=1100,DISQUALIFIED,1.06823
70<TEMP<=80,PRESS=1,FR<=3,AA<=5,25<IR<=50,RU FREE,15<O<=25,0.1<ICA<=0.2,20<PT<=40,0.3<ICC<=0.4,AL<=0.25,0<CL<=0.25,25<MEMBRANE<=50,1000<EW<=1100,QUALIFIED,1.31046
70<TEMP<=80,PRESS=1,FR<=3,AA<=5,25<IR<=50,RU FREE,15<O<=25,0.1<ICA<=0.2,20<PT<=40,0.3<ICC<=0.4,AL<=0.25,0<CL<=0.25,25<MEMBRANE<=50,1000<EW<=1100,QUALIFIED,1.75678
70<TEMP<=80,PRESS=1,FR>24,AA>25,85<IR<100,RU FREE,0<O<=15,0.5<ICA<=0.75,PURE PT,ICC>2,AL>1.5,CL>0.5,MEMBRANE>175,1000<EW<=1100,DISQUALIFIED,0.14003
70<TEMP<=80,PRESS=1,FR>24,AA>25,85<IR<100,RU FREE,0<O<=15,0.75<ICA<1.5,PURE PT,ICC>2,AL>1.5,CL>0.5,MEMBRANE>175,1000<EW<=1100,DISQUALIFIED,0.13657
70<TEMP<=80,PRESS=1,FR>24,AA>25,85<IR<100,RU FREE,0<O<=15,0.75<ICA<1.5,PURE PT,ICC>2,AL>1.5,CL>0.5,MEMBRANE>175,1000<EW<=1100,DISQUALIFIED,0.13825
50<TEMP<=60,PRESS=1,FR>24,5<AA<=25,50<IR<=75,0<RU<=25,15<O<=25,0.4<ICA<=0.5,20<PT<=40,0<ICC<=0.3,AL>1.5,CL>0.5,125<MEMBRANE<=175,1000<EW<=1100,DISQUALIFIED,0.15024
80<TEMP<=90,PRESS=1,6<FR<=24,AA<=5,85<IR<100,RU FREE,0<O<=15,0.3<ICA<=0.4,PT FREE,1<ICC<=2,AL<=0.25,0<CL<=0.25,25<MEMBRANE<=50,1000<EW<=1100,DISQUALIFIED,0.02658
TEMP<=30,PRESS=1,FR<=3,AA<=5,50<IR<=75,0<RU<=25,0<O<=15,0.2<ICA<=0.3,20<PT<=40,0.4<ICC<=0.5,1<AL<=1.5,0.25<CL<=0.5,50<MEMBRANE<=125,EW<=900,DISQUALIFIED,0.37259
30<TEMP<=40,PRESS=1,FR<=3,AA<=5,50<IR<=75,0<RU<=25,0<O<=15,0.2<ICA<=0.3,20<PT<=40,0.4<ICC<=0.5,1<AL<=1.5,0.25<CL<=0.5,50<MEMBRANE<=125,EW<=900,DISQUALIFIED,0.50204
40<TEMP<=50,PRESS=1,FR<=3,AA<=5,50<IR<=75,0<RU<=25,0<O<=15,0.2<ICA<=0.3,20<PT<=40,0.4<ICC<=0.5,1<AL<=1.5,0.25<CL<=0.5,50<MEMBRANE<=125,EW<=900,DISQUALIFIED,0.64767
50<TEMP<=60,PRESS=1,FR<=3,AA<=5,50<IR<=75,0<RU<=25,0<O<=15,0.2<ICA<=0.3,20<PT<=40,0.4<ICC<=0.5,1<AL<=1.5,0.25<CL<=0.5,50<MEMBRANE<=125,EW<=900,DISQUALIFIED,0.79392
60<TEMP<=70,PRESS=1,FR<=3,AA<=5,50<IR<=75,0<RU<=25,0<O<=15,0.2<ICA<=0.3,20<PT<=40,0.4<ICC<=0.5,1<AL<=1.5,0.25<CL<=0.5,50<MEMBRANE<=125,EW<=900,DISQUALIFIED,0.97901
70<TEMP<=80,PRESS=1,FR<=3,AA<=5,50<IR<=75,0<RU<=25,0<O<=15,0.2<ICA<=0.3,20<PT<=40,0.4<ICC<=0.5,1<AL<=1.5,0.25<CL<=0.5,50<MEMBRANE<=125,EW<=900,DISQUALIFIED,1.13235
80<TEMP<=90,PRESS=1,FR<=3,AA<=5,50<IR<=75,0<RU<=25,0<O<=15,0.2<ICA<=0.3,20<PT<=40,0.4<ICC<=0.5,1<AL<=1.5,0.25<CL<=0.5,50<MEMBRANE<=125,EW<=900,QUALIFIED,1.36281
80<TEMP<=90,PRESS=1,FR<=3,AA<=5,50<IR<=75,0<RU<=25,0<O<=15,0.2<ICA<=0.3,20<PT<=40,0.4<ICC<=0.5,1<AL<=1.5,0.25<CL<=0.5,50<MEMBRANE<=125,1000<EW<=1100,DISQUALIFIED,1.20591
70<TEMP<=80,PRESS=1,3<FR<=6,AA<=5,PURE IR,RU FREE,O FREE,0.1<ICA<=0.2,PT FREE,1<ICC<=2,AL>1.5,0<CL<=0.25,50<MEMBRANE<=125,1000<EW<=1100,DISQUALIFIED,0.0406
70<TEMP<=80,PRESS=1,3<FR<=6,AA<=5,PURE IR,RU FREE,O FREE,0.3<ICA<=0.4,PT FREE,1<ICC<=2,AL>1.5,0<CL<=0.25,50<MEMBRANE<=125,1000<EW<=1100,DISQUALIFIED,0.09186
70<TEMP<=80,PRESS=1,3<FR<=6,AA<=5,PURE IR,RU FREE,O FREE,0.4<ICA<=0.5,PT FREE,1<ICC<=2,AL>1.5,0<CL<=0.25,50<MEMBRANE<=125,1000<EW<=1100,DISQUALIFIED,0.10601
70<TEMP<=80,PRESS=1,3<FR<=6,AA<=5,PURE IR,RU FREE,O FREE,0.2<ICA<=0.3,0<PT<=20,0.5<ICC<=0.7,AL>1.5,0.25<CL<=0.5,50<MEMBRANE<=125,1000<EW<=1100,DISQUALIFIED,0.63418
70<TEMP<=80,2<PRESS<=3,FR>24,AA>25,85<IR<100,RU FREE,0<O<=15,0.75<ICA<1.5,PURE PT,ICC>2,AL>1.5,CL>0.5,50<MEMBRANE<=125,EW<=900,DISQUALIFIED,0.36443
70<TEMP<=80,2<PRESS<=3,FR>24,AA>25,85<IR<100,RU FREE,0<O<=15,0.75<ICA<1.5,PURE PT,ICC>2,AL>1.5,CL>0.5,50<MEMBRANE<=125,1000<EW<=1100,DISQUALIFIED,0.32265
70<TEMP<=80,PRESS=1,FR<=3,AA<=5,85<IR<100,RU FREE,0<O<=15,0.1<ICA<=0.2,20<PT<=40,0.3<ICC<=0.4,0.75<AL<=1,0<CL<=0.25,25<MEMBRANE<=50,1000<EW<=1100,DISQUALIFIED,0.62422
70<TEMP<=80,PRESS=1,FR<=3,AA<=5,50<IR<=75,RU FREE,15<O<=25,0.2<ICA<=0.3,20<PT<=40,0.3<ICC<=0.4,0.5<AL<=0.75,0<CL<=0.25,25<MEMBRANE<=50,1000<EW<=1100,DISQUALIFIED,1.00942
70<TEMP<=80,PRESS=1,FR<=3,AA<=5,25<IR<=50,RU FREE,15<O<=25,0.2<ICA<=0.3,20<PT<=40,0.5<ICC<=0.7,0.25<AL<=0.5,0<CL<=0.25,25<MEMBRANE<=50,1000<EW<=1100,DISQUALIFIED,0.46699
70<TEMP<=80,PRESS=1,FR>24,5<AA<=25,85<IR<100,RU FREE,0<O<=15,0.3<ICA<=0.4,40<PT<=60,0<ICC<=0.3,AL<=0.25,CL>0.5,125<MEMBRANE<=175,1000<EW<=1100,DISQUALIFIED,0.386
70<TEMP<=80,PRESS=1,FR>24,5<AA<=25,85<IR<100,RU FREE,0<O<=15,0.3<ICA<=0.4,40<PT<=60,0<ICC<=0.3,AL<=0.25,CL>0.5,125<MEMBRANE<=175,1000<EW<=1100,DISQUALIFIED,0.481
70<TEMP<=80,PRESS=1,FR>24,5<AA<=25,85<IR<100,RU FREE,0<O<=15,0.3<ICA<=0.4,40<PT<=60,0<ICC<=0.3,AL<=0.25,CL>0.5,125<MEMBRANE<=175,1000<EW<=1100,DISQUALIFIED,0.526
70<TEMP<=80,PRESS=1,FR>24,5<AA<=25,85<IR<100,RU FREE,0<O<=15,0.3<ICA<=0.4,40<PT<=60,0<ICC<=0.3,AL<=0.25,CL>0.5,125<MEMBRANE<=175,1000<EW<=1100,DISQUALIFIED,0.526
70<TEMP<=80,PRESS=1,FR>24,5<AA<=25,85<IR<100,RU FREE,0<O<=15,0.3<ICA<=0.4,40<PT<=60,0<ICC<=0.3,AL<=0.25,CL>0.5,125<MEMBRANE<=175,1000<EW<=1100,DISQUALIFIED,0.526
TEMP<=30,PRESS=1,FR<=3,AA<=5,50<IR<=75,0<RU<=25,0<O<=15,0.2<ICA<=0.3,PT FREE,0<ICC<=0.3,AL>1.5,0<CL<=0.25,50<MEMBRANE<=125,1000<EW<=1100,DISQUALIFIED,0.004
TEMP<=30,PRESS=1,FR<=3,AA<=5,50<IR<=75,0<RU<=25,0<O<=15,0.2<ICA<=0.3,PURE PT,0<ICC<=0.3,AL>1.5,0.25<CL<=0.5,50<MEMBRANE<=125,1000<EW<=1100,DISQUALIFIED,0.094
70<TEMP<=80,PRESS=1,6<FR<=24,AA<=5,IR FREE,50<RU<=75,15<O<=25,0.2<ICA<=0.3,20<PT<=40,0.3<ICC<=0.4,AL>1.5,CL>0.5,50<MEMBRANE<=125,1000<EW<=1100,DISQUALIFIED,0.513
70<TEMP<=80,PRESS=1,6<FR<=24,AA<=5,IR FREE,0<RU<=25,15<O<=25,0.2<ICA<=0.3,20<PT<=40,0<ICC<=0.3,0.5<AL<=0.75,CL>0.5,50<MEMBRANE<=125,1000<EW<=1100,DISQUALIFIED,0.528
70<TEMP<=80,PRESS=1,6<FR<=24,AA<=5,IR FREE,25<RU<=50,15<O<=25,0.2<ICA<=0.3,20<PT<=40,0.4<ICC<=0.5,0.75<AL<=1,CL>0.5,50<MEMBRANE<=125,1000<EW<=1100,DISQUALIFIED,0.579
70<TEMP<=80,PRESS=1,6<FR<=24,AA<=5,IR FREE,25<RU<=50,15<O<=25,0.2<ICA<=0.3,20<PT<=40,0.4<ICC<=0.5,1<AL<=1.5,CL>0.5,50<MEMBRANE<=125,1000<EW<=1100,DISQUALIFIED,0.613
70<TEMP<=80,PRESS=1,FR>24,5<AA<=25,85<IR<100,RU FREE,0<O<=15,0.4<ICA<=0.5,40<PT<=60,0<ICC<=0.3,AL>1.5,CL>0.5,125<MEMBRANE<=175,1000<EW<=1100,DISQUALIFIED,0.608
TEMP<=30,PRESS=1,FR>24,5<AA<=25,IR FREE,50<RU<=75,15<O<=25,0.75<ICA<1.5,PT FREE,0.7<ICC<=1,AL>1.5,CL>0.5,50<MEMBRANE<=125,1000<EW<=1100,DISQUALIFIED,0.03
30<TEMP<=40,PRESS=1,FR>24,5<AA<=25,IR FREE,75<RU<=100,15<O<=25,0.75<ICA<1.5,PT FREE,0.7<ICC<=1,AL>1.5,CL>0.5,50<MEMBRANE<=125,1000<EW<=1100,DISQUALIFIED,0.054
40<TEMP<=50,PRESS=1,FR>24,5<AA<=25,IR FREE,75<RU<=100,15<O<=25,0.75<ICA<1.5,PT FREE,0.7<ICC<=1,AL>1.5,CL>0.5,50<MEMBRANE<=125,1000<EW<=1100,DISQUALIFIED,0.06
50<TEMP<=60,PRESS=1,FR>24,5<AA<=25,IR FREE,75<RU<=100,15<O<=25,0.75<ICA<1.5,PT FREE,0.7<ICC<=1,AL>1.5,CL>0.5,50<MEMBRANE<=125,1000<EW<=1100,DISQUALIFIED,0.07
60<TEMP<=70,PRESS=1,FR>24,5<AA<=25,IR FREE,75<RU<=100,15<O<=25,0.75<ICA<1.5,PT FREE,0.7<ICC<=1,AL>1.5,CL>0.5,50<MEMBRANE<=125,1000<EW<=1100,DISQUALIFIED,0.082
70<TEMP<=80,PRESS=1,FR>24,5<AA<=25,IR FREE,75<RU<=100,15<O<=25,0.75<ICA<1.5,PT FREE,0.7<ICC<=1,AL>1.5,CL>0.5,50<MEMBRANE<=125,1000<EW<=1100,DISQUALIFIED,0.094
70<TEMP<=80,PRESS=1,FR>24,5<AA<=25,IR FREE,75<RU<=100,15<O<=25,0.5<ICA<=0.75,20<PT<=40,0.5<ICC<=0.7,AL>1.5,0<CL<=0.25,50<MEMBRANE<=125,1000<EW<=1100,DISQUALIFIED,0.103
80<TEMP<=90,PRESS=1,6<FR<=24,5<AA<=25,85<IR<100,RU FREE,0<O<=15,0<ICA<=0.1,40<PT<=60,0.4<ICC<=0.5,AL<=0.25,0.25<CL<=0.5,25<MEMBRANE<=50,1000<EW<=1100,DISQUALIFIED,1.019
TEMP>100,1<PRESS<=2,6<FR<=24,5<AA<=25,85<IR<100,RU FREE,0<O<=15,0<ICA<=0.1,40<PT<=60,0.4<ICC<=0.5,AL<=0.25,0.25<CL<=0.5,25<MEMBRANE<=50,1000<EW<=1100,QUALIFIED,1.716
TEMP>100,1<PRESS<=2,6<FR<=24,5<AA<=25,85<IR<100,RU FREE,0<O<=15,0<ICA<=0.1,40<PT<=60,0.4<ICC<=0.5,AL<=0.25,0.25<CL<=0.5,25<MEMBRANE<=50,1000<EW<=1100,QUALIFIED,1.716
TEMP>100,2<PRESS<=3,6<FR<=24,5<AA<=25,85<IR<100,RU FREE,0<O<=15,0<ICA<=0.1,40<PT<=60,0.4<ICC<=0.5,AL<=0.25,0.25<CL<=0.5,25<MEMBRANE<=50,1000<EW<=1100,QUALIFIED,1.805
30<TEMP<=40,PRESS=1,6<FR<=24,5<AA<=25,PURE IR,RU FREE,O FREE,0.2<ICA<=0.3,PURE PT,0<ICC<=0.3,0.75<AL<=1,0.25<CL<=0.5,50<MEMBRANE<=125,1000<EW<=1100,DISQUALIFIED,0.195
50<TEMP<=60,PRESS=1,FR>24,5<AA<=25,85<IR<100,RU FREE,0<O<=15,0.3<ICA<=0.4,PURE PT,0<ICC<=0.3,AL>1.5,CL>0.5,125<MEMBRANE<=175,1000<EW<=1100,DISQUALIFIED,0.363
70<TEMP<=80,PRESS=1,FR>24,5<AA<=25,85<IR<100,RU FREE,0<O<=15,0.2<ICA<=0.3,PURE PT,0<ICC<=0.3,AL>1.5,CL>0.5,125<MEMBRANE<=175,1000<EW<=1100,DISQUALIFIED,0.546
70<TEMP<=80,PRESS=1,FR>24,AA<=5,50<IR<=75,RU FREE,0<O<=15,0.3<ICA<=0.4,20<PT<=40,0.3<ICC<=0.4,AL>1.5,0.25<CL<=0.5,125<MEMBRANE<=175,1000<EW<=1100,DISQUALIFIED,0.145
70<TEMP<=80,PRESS=1,FR>24,AA<=5,50<IR<=75,RU FREE,0<O<=15,0.3<ICA<=0.4,20<PT<=40,0.3<ICC<=0.4,AL>1.5,0.25<CL<=0.5,125<MEMBRANE<=175,1000<EW<=1100,DISQUALIFIED,0.181
70<TEMP<=80,PRESS=1,FR>24,AA<=5,50<IR<=75,RU FREE,0<O<=15,0.3<ICA<=0.4,20<PT<=40,0.3<ICC<=0.4,AL>1.5,0.25<CL<=0.5,125<MEMBRANE<=175,1000<EW<=1100,DISQUALIFIED,0.191
70<TEMP<=80,PRESS=1,FR>24,AA<=5,50<IR<=75,RU FREE,0<O<=15,0.3<ICA<=0.4,20<PT<=40,0.3<ICC<=0.4,AL>1.5,0.25<CL<=0.5,125<MEMBRANE<=175,1000<EW<=1100,DISQUALIFIED,0.204
70<TEMP<=80,PRESS=1,FR>24,AA<=5,85<IR<100,RU FREE,0<O<=15,0.3<ICA<=0.4,20<PT<=40,0.3<ICC<=0.4,AL>1.5,0.25<CL<=0.5,125<MEMBRANE<=175,1000<EW<=1100,DISQUALIFIED,0.204
70<TEMP<=80,PRESS=1,FR>24,AA<=5,50<IR<=75,RU FREE,0<O<=15,0.3<ICA<=0.4,20<PT<=40,0.3<ICC<=0.4,AL>1.5,0.25<CL<=0.5,125<MEMBRANE<=175,1000<EW<=1100,DISQUALIFIED,0.20426
70<TEMP<=80,PRESS=1,FR>24,AA<=5,50<IR<=75,RU FREE,0<O<=15,0.3<ICA<=0.4,20<PT<=40,0.3<ICC<=0.4,AL>1.5,0.25<CL<=0.5,125<MEMBRANE<=175,1000<EW<=1100,DISQUALIFIED,0.17875
50<TEMP<=60,PRESS=1,FR>24,AA>25,PURE IR,RU FREE,O FREE,0.3<ICA<=0.4,20<PT<=40,0.5<ICC<=0.7,1<AL<=1.5,0.25<CL<=0.5,50<MEMBRANE<=125,1000<EW<=1100,DISQUALIFIED,0.469
TEMP<=30,PRESS=1,3<FR<=6,AA<=5,50<IR<=75,0<RU<=25,0<O<=15,0.2<ICA<=0.3,20<PT<=40,0.4<ICC<=0.5,1<AL<=1.5,0.25<CL<=0.5,50<MEMBRANE<=125,1000<EW<=1100,DISQUALIFIED,0.304
30<TEMP<=40,PRESS=1,3<FR<=6,AA<=5,50<IR<=75,0<RU<=25,0<O<=15,0.2<ICA<=0.3,20<PT<=40,0.4<ICC<=0.5,1<AL<=1.5,0.25<CL<=0.5,50<MEMBRANE<=125,1000<EW<=1100,DISQUALIFIED,0.418
40<TEMP<=50,PRESS=1,3<FR<=6,AA<=5,50<IR<=75,0<RU<=25,0<O<=15,0.2<ICA<=0.3,20<PT<=40,0.4<ICC<=0.5,1<AL<=1.5,0.25<CL<=0.5,50<MEMBRANE<=125,1000<EW<=1100,DISQUALIFIED,0.54
50<TEMP<=60,PRESS=1,3<FR<=6,AA<=5,50<IR<=75,0<RU<=25,0<O<=15,0.2<ICA<=0.3,20<PT<=40,0.4<ICC<=0.5,1<AL<=1.5,0.25<CL<=0.5,50<MEMBRANE<=125,1000<EW<=1100,DISQUALIFIED,0.692
60<TEMP<=70,PRESS=1,3<FR<=6,AA<=5,50<IR<=75,0<RU<=25,0<O<=15,0.2<ICA<=0.3,20<PT<=40,0.4<ICC<=0.5,1<AL<=1.5,0.25<CL<=0.5,50<MEMBRANE<=125,1000<EW<=1100,DISQUALIFIED,0.817
70<TEMP<=80,PRESS=1,3<FR<=6,AA<=5,50<IR<=75,0<RU<=25,0<O<=15,0.2<ICA<=0.3,20<PT<=40,0.4<ICC<=0.5,1<AL<=1.5,0.25<CL<=0.5,50<MEMBRANE<=125,1000<EW<=1100,DISQUALIFIED,1.002
80<TEMP<=90,PRESS=1,3<FR<=6,AA<=5,50<IR<=75,0<RU<=25,0<O<=15,0.2<ICA<=0.3,20<PT<=40,0.4<ICC<=0.5,1<AL<=1.5,0.25<CL<=0.5,50<MEMBRANE<=125,1000<EW<=1100,DISQUALIFIED,1.181
TEMP<=30,PRESS=1,3<FR<=6,AA<=5,85<IR<100,RU FREE,0<O<=15,0.2<ICA<=0.3,20<PT<=40,0.4<ICC<=0.5,1<AL<=1.5,0.25<CL<=0.5,50<MEMBRANE<=125,1000<EW<=1100,DISQUALIFIED,0.179
30<TEMP<=40,PRESS=1,3<FR<=6,AA<=5,85<IR<100,RU FREE,0<O<=15,0.2<ICA<=0.3,20<PT<=40,0.4<ICC<=0.5,1<AL<=1.5,0.25<CL<=0.5,50<MEMBRANE<=125,1000<EW<=1100,DISQUALIFIED,0.258
40<TEMP<=50,PRESS=1,3<FR<=6,AA<=5,85<IR<100,RU FREE,0<O<=15,0.2<ICA<=0.3,20<PT<=40,0.4<ICC<=0.5,1<AL<=1.5,0.25<CL<=0.5,50<MEMBRANE<=125,1000<EW<=1100,DISQUALIFIED,0.342
50<TEMP<=60,PRESS=1,3<FR<=6,AA<=5,85<IR<100,RU FREE,0<O<=15,0.2<ICA<=0.3,20<PT<=40,0.4<ICC<=0.5,1<AL<=1.5,0.25<CL<=0.5,50<MEMBRANE<=125,1000<EW<=1100,DISQUALIFIED,0.437
60<TEMP<=70,PRESS=1,3<FR<=6,AA<=5,85<IR<100,RU FREE,0<O<=15,0.2<ICA<=0.3,20<PT<=40,0.4<ICC<=0.5,1<AL<=1.5,0.25<CL<=0.5,50<MEMBRANE<=125,1000<EW<=1100,DISQUALIFIED,0.519
70<TEMP<=80,PRESS=1,3<FR<=6,AA<=5,85<IR<100,RU FREE,0<O<=15,0.2<ICA<=0.3,20<PT<=40,0.4<ICC<=0.5,1<AL<=1.5,0.25<CL<=0.5,50<MEMBRANE<=125,1000<EW<=1100,DISQUALIFIED,0.7
80<TEMP<=90,PRESS=1,3<FR<=6,AA<=5,85<IR<100,RU FREE,0<O<=15,0.2<ICA<=0.3,20<PT<=40,0.4<ICC<=0.5,1<AL<=1.5,0.25<CL<=0.5,50<MEMBRANE<=125,1000<EW<=1100,DISQUALIFIED,0.811
70<TEMP<=80,PRESS=1,FR<=3,AA<=5,85<IR<100,RU FREE,0<O<=15,0.4<ICA<=0.5,40<PT<=60,0.4<ICC<=0.5,AL>1.5,0.25<CL<=0.5,50<MEMBRANE<=125,EW<=900,DISQUALIFIED,0.92
70<TEMP<=80,PRESS=1,FR<=3,AA<=5,85<IR<100,RU FREE,0<O<=15,0.4<ICA<=0.5,40<PT<=60,0.4<ICC<=0.5,AL>1.5,0.25<CL<=0.5,50<MEMBRANE<=125,1000<EW<=1100,DISQUALIFIED,0.727
30<TEMP<=40,PRESS=1,FR<=3,AA<=5,85<IR<100,RU FREE,0<O<=15,0.4<ICA<=0.5,40<PT<=60,0.4<ICC<=0.5,AL>1.5,0.25<CL<=0.5,50<MEMBRANE<=125,EW<=900,DISQUALIFIED,0.398
40<TEMP<=50,PRESS=1,FR<=3,AA<=5,85<IR<100,RU FREE,0<O<=15,0.4<ICA<=0.5,40<PT<=60,0.4<ICC<=0.5,AL>1.5,0.25<CL<=0.5,50<MEMBRANE<=125,EW<=900,DISQUALIFIED,0.487
50<TEMP<=60,PRESS=1,FR<=3,AA<=5,85<IR<100,RU FREE,0<O<=15,0.4<ICA<=0.5,40<PT<=60,0.4<ICC<=0.5,AL>1.5,0.25<CL<=0.5,50<MEMBRANE<=125,EW<=900,DISQUALIFIED,0.67
60<TEMP<=70,PRESS=1,FR<=3,AA<=5,85<IR<100,RU FREE,0<O<=15,0.4<ICA<=0.5,40<PT<=60,0.4<ICC<=0.5,AL>1.5,0.25<CL<=0.5,50<MEMBRANE<=125,EW<=900,DISQUALIFIED,0.782
80<TEMP<=90,PRESS=1,FR<=3,AA<=5,85<IR<100,RU FREE,0<O<=15,0.4<ICA<=0.5,40<PT<=60,0.4<ICC<=0.5,AL>1.5,0.25<CL<=0.5,50<MEMBRANE<=125,EW<=900,DISQUALIFIED,1.096
TEMP<=30,2<PRESS<=3,3<FR<=6,5<AA<=25,85<IR<100,RU FREE,0<O<=15,0.4<ICA<=0.5,20<PT<=40,0.4<ICC<=0.5,AL>1.5,CL>0.5,50<MEMBRANE<=125,EW<=900,DISQUALIFIED,0.034
30<TEMP<=40,2<PRESS<=3,3<FR<=6,5<AA<=25,85<IR<100,RU FREE,0<O<=15,0.4<ICA<=0.5,20<PT<=40,0.4<ICC<=0.5,AL>1.5,CL>0.5,50<MEMBRANE<=125,EW<=900,DISQUALIFIED,0.082
50<TEMP<=60,2<PRESS<=3,3<FR<=6,5<AA<=25,85<IR<100,RU FREE,0<O<=15,0.4<ICA<=0.5,20<PT<=40,0.4<ICC<=0.5,AL>1.5,CL>0.5,50<MEMBRANE<=125,EW<=900,DISQUALIFIED,0.27
70<TEMP<=80,2<PRESS<=3,3<FR<=6,5<AA<=25,85<IR<100,RU FREE,0<O<=15,0.4<ICA<=0.5,20<PT<=40,0.4<ICC<=0.5,AL>1.5,CL>0.5,50<MEMBRANE<=125,EW<=900,DISQUALIFIED,0.676
80<TEMP<=90,2<PRESS<=3,3<FR<=6,5<AA<=25,85<IR<100,RU FREE,0<O<=15,0.4<ICA<=0.5,20<PT<=40,0.4<ICC<=0.5,AL>1.5,CL>0.5,50<MEMBRANE<=125,EW<=900,DISQUALIFIED,0.972
90<TEMP<=100,2<PRESS<=3,3<FR<=6,5<AA<=25,85<IR<100,RU FREE,0<O<=15,0.4<ICA<=0.5,20<PT<=40,0.4<ICC<=0.5,AL>1.5,CL>0.5,50<MEMBRANE<=125,EW<=900,DISQUALIFIED,0.889
TEMP>100,2<PRESS<=3,3<FR<=6,5<AA<=25,85<IR<100,RU FREE,0<O<=15,0.4<ICA<=0.5,20<PT<=40,0.4<ICC<=0.5,AL>1.5,CL>0.5,50<MEMBRANE<=125,EW<=900,DISQUALIFIED,1.097
TEMP>100,2<PRESS<=3,3<FR<=6,5<AA<=25,85<IR<100,RU FREE,0<O<=15,0.4<ICA<=0.5,20<PT<=40,0.4<ICC<=0.5,AL>1.5,CL>0.5,50<MEMBRANE<=125,EW<=900,QUALIFIED,1.292
TEMP<=30,2<PRESS<=3,3<FR<=6,5<AA<=25,85<IR<100,RU FREE,0<O<=15,0.4<ICA<=0.5,20<PT<=40,0.4<ICC<=0.5,AL>1.5,CL>0.5,50<MEMBRANE<=125,EW<=900,DISQUALIFIED,0.041
30<TEMP<=40,2<PRESS<=3,3<FR<=6,5<AA<=25,85<IR<100,RU FREE,0<O<=15,0.4<ICA<=0.5,20<PT<=40,0.4<ICC<=0.5,AL>1.5,CL>0.5,50<MEMBRANE<=125,EW<=900,DISQUALIFIED,0.075
50<TEMP<=60,2<PRESS<=3,3<FR<=6,5<AA<=25,85<IR<100,RU FREE,0<O<=15,0.4<ICA<=0.5,20<PT<=40,0.4<ICC<=0.5,AL>1.5,CL>0.5,50<MEMBRANE<=125,EW<=900,DISQUALIFIED,0.2
70<TEMP<=80,2<PRESS<=3,3<FR<=6,5<AA<=25,85<IR<100,RU FREE,0<O<=15,0.4<ICA<=0.5,20<PT<=40,0.4<ICC<=0.5,AL>1.5,CL>0.5,50<MEMBRANE<=125,EW<=900,DISQUALIFIED,0.414
80<TEMP<=90,2<PRESS<=3,3<FR<=6,5<AA<=25,85<IR<100,RU FREE,0<O<=15,0.4<ICA<=0.5,20<PT<=40,0.4<ICC<=0.5,AL>1.5,CL>0.5,50<MEMBRANE<=125,EW<=900,DISQUALIFIED,0.529
90<TEMP<=100,2<PRESS<=3,3<FR<=6,5<AA<=25,85<IR<100,RU FREE,0<O<=15,0.4<ICA<=0.5,20<PT<=40,0.4<ICC<=0.5,AL>1.5,CL>0.5,50<MEMBRANE<=125,EW<=900,DISQUALIFIED,0.529
TEMP>100,2<PRESS<=3,3<FR<=6,5<AA<=25,85<IR<100,RU FREE,0<O<=15,0.4<ICA<=0.5,20<PT<=40,0.4<ICC<=0.5,AL>1.5,CL>0.5,50<MEMBRANE<=125,EW<=900,DISQUALIFIED,0.625
TEMP>100,2<PRESS<=3,3<FR<=6,5<AA<=25,85<IR<100,RU FREE,0<O<=15,0.4<ICA<=0.5,20<PT<=40,0.4<ICC<=0.5,AL>1.5,CL>0.5,50<MEMBRANE<=125,EW<=900,DISQUALIFIED,0.726
70<TEMP<=80,2<PRESS<=3,3<FR<=6,5<AA<=25,85<IR<100,RU FREE,0<O<=15,0.4<ICA<=0.5,20<PT<=40,0.4<ICC<=0.5,AL>1.5,CL>0.5,50<MEMBRANE<=125,EW<=900,DISQUALIFIED,0.368
90<TEMP<=100,2<PRESS<=3,3<FR<=6,5<AA<=25,85<IR<100,RU FREE,0<O<=15,0.4<ICA<=0.5,20<PT<=40,0.4<ICC<=0.5,AL>1.5,CL>0.5,50<MEMBRANE<=125,EW<=900,DISQUALIFIED,0.399
TEMP>100,2<PRESS<=3,3<FR<=6,5<AA<=25,85<IR<100,RU FREE,0<O<=15,0.4<ICA<=0.5,20<PT<=40,0.4<ICC<=0.5,AL>1.5,CL>0.5,50<MEMBRANE<=125,EW<=900,DISQUALIFIED,0.572
TEMP>100,2<PRESS<=3,3<FR<=6,5<AA<=25,85<IR<100,RU FREE,0<O<=15,0.4<ICA<=0.5,20<PT<=40,0.4<ICC<=0.5,AL>1.5,CL>0.5,50<MEMBRANE<=125,EW<=900,DISQUALIFIED,0.724
70<TEMP<=80,PRESS=1,FR<=3,AA<=5,85<IR<100,RU FREE,0<O<=15,0.2<ICA<=0.3,20<PT<=40,0<ICC<=0.3,AL>1.5,0<CL<=0.25,50<MEMBRANE<=125,1000<EW<=1100,DISQUALIFIED,0.588
70<TEMP<=80,PRESS=1,FR<=3,AA<=5,50<IR<=75,0<RU<=25,0<O<=15,0.2<ICA<=0.3,20<PT<=40,0<ICC<=0.3,AL>1.5,CL>0.5,50<MEMBRANE<=125,1000<EW<=1100,DISQUALIFIED,0.668
70<TEMP<=80,PRESS=1,3<FR<=6,AA<=5,50<IR<=75,0<RU<=25,0<O<=15,0.2<ICA<=0.3,20<PT<=40,0.4<ICC<=0.5,1<AL<=1.5,0.25<CL<=0.5,50<MEMBRANE<=125,1000<EW<=1100,DISQUALIFIED,0.892
70<TEMP<=80,PRESS=1,3<FR<=6,AA<=5,50<IR<=75,0<RU<=25,0<O<=15,0.2<ICA<=0.3,20<PT<=40,0.4<ICC<=0.5,1<AL<=1.5,0.25<CL<=0.5,50<MEMBRANE<=125,EW>1100,DISQUALIFIED,0.8
90<TEMP<=100,PRESS=1,3<FR<=6,AA<=5,50<IR<=75,0<RU<=25,0<O<=15,0.2<ICA<=0.3,20<PT<=40,0.4<ICC<=0.5,1<AL<=1.5,0.25<CL<=0.5,50<MEMBRANE<=125,1000<EW<=1100,DISQUALIFIED,1.208
90<TEMP<=100,PRESS=1,3<FR<=6,AA<=5,50<IR<=75,0<RU<=25,0<O<=15,0.2<ICA<=0.3,20<PT<=40,0.4<ICC<=0.5,1<AL<=1.5,0.25<CL<=0.5,50<MEMBRANE<=125,EW>1100,DISQUALIFIED,1.174
70<TEMP<=80,PRESS=1,6<FR<=24,AA<=5,50<IR<=75,0<RU<=25,0<O<=15,0.1<ICA<=0.2,PURE PT,0<ICC<=0.3,AL>1.5,CL>0.5,50<MEMBRANE<=125,1000<EW<=1100,QUALIFIED,1.312
70<TEMP<=80,PRESS=1,6<FR<=24,AA<=5,50<IR<=75,0<RU<=25,0<O<=15,0.1<ICA<=0.2,PURE PT,0<ICC<=0.3,AL>1.5,CL>0.5,50<MEMBRANE<=125,1000<EW<=1100,QUALIFIED,1.488
70<TEMP<=80,PRESS=1,6<FR<=24,AA<=5,50<IR<=75,0<RU<=25,0<O<=15,0.1<ICA<=0.2,PURE PT,0<ICC<=0.3,AL>1.5,CL>0.5,50<MEMBRANE<=125,1000<EW<=1100,QUALIFIED,1.712
70<TEMP<=80,PRESS=1,6<FR<=24,AA<=5,50<IR<=75,0<RU<=25,0<O<=15,0.1<ICA<=0.2,PURE PT,0<ICC<=0.3,AL>1.5,CL>0.5,50<MEMBRANE<=125,1000<EW<=1100,QUALIFIED,1.634
70<TEMP<=80,PRESS=1,FR<=3,AA<=5,50<IR<=75,0<RU<=25,0<O<=15,0.1<ICA<=0.2,20<PT<=40,0.3<ICC<=0.4,0.25<AL<=0.5,0<CL<=0.25,50<MEMBRANE<=125,900<EW<=1000,DISQUALIFIED,1.02934
70<TEMP<=80,PRESS=1,3<FR<=6,AA<=5,50<IR<=75,RU FREE,15<O<=25,0.1<ICA<=0.2,40<PT<=60,0<ICC<=0.3,AL>1.5,0.25<CL<=0.5,25<MEMBRANE<=50,1000<EW<=1100,QUALIFIED,1.42213
70<TEMP<=80,PRESS=1,3<FR<=6,AA<=5,50<IR<=75,RU FREE,15<O<=25,0.1<ICA<=0.2,0<PT<=20,0<ICC<=0.3,AL>1.5,0<CL<=0.25,25<MEMBRANE<=50,1000<EW<=1100,QUALIFIED,1.40455
70<TEMP<=80,PRESS=1,3<FR<=6,AA<=5,50<IR<=75,RU FREE,15<O<=25,0.1<ICA<=0.2,0<PT<=20,0<ICC<=0.3,AL<=0.25,0<CL<=0.25,25<MEMBRANE<=50,1000<EW<=1100,DISQUALIFIED,0.28745
70<TEMP<=80,PRESS=1,3<FR<=6,AA<=5,50<IR<=75,RU FREE,15<O<=25,0.1<ICA<=0.2,0<PT<=20,0<ICC<=0.3,AL>1.5,0<CL<=0.25,25<MEMBRANE<=50,1000<EW<=1100,QUALIFIED,1.33749
70<TEMP<=80,2<PRESS<=3,FR>24,5<AA<=25,85<IR<100,RU FREE,0<O<=15,0.1<ICA<=0.2,20<PT<=40,0.4<ICC<=0.5,0.75<AL<=1,0.25<CL<=0.5,125<MEMBRANE<=175,1000<EW<=1100,DISQUALIFIED,0.09754
TEMP<=30,PRESS=1,6<FR<=24,AA<=5,75<IR<=85,0<RU<=25,15<O<=25,0.75<ICA<1.5,40<PT<=60,0.3<ICC<=0.4,AL>1.5,0.25<CL<=0.5,50<MEMBRANE<=125,1000<EW<=1100,DISQUALIFIED,0.01482
TEMP<=30,PRESS=1,6<FR<=24,AA<=5,75<IR<=85,0<RU<=25,15<O<=25,0.75<ICA<1.5,40<PT<=60,0.3<ICC<=0.4,AL>1.5,0.25<CL<=0.5,50<MEMBRANE<=125,1000<EW<=1100,DISQUALIFIED,0.03325
TEMP<=30,PRESS=1,FR>24,AA<=5,75<IR<=85,0<RU<=25,15<O<=25,0.75<ICA<1.5,40<PT<=60,0.3<ICC<=0.4,AL>1.5,0.25<CL<=0.5,50<MEMBRANE<=125,1000<EW<=1100,DISQUALIFIED,0.11292
50<TEMP<=60,PRESS>3,FR>24,5<AA<=25,75<IR<=85,0<RU<=25,15<O<=25,0.75<ICA<1.5,40<PT<=60,0.3<ICC<=0.4,1<AL<=1.5,0.25<CL<=0.5,50<MEMBRANE<=125,1000<EW<=1100,DISQUALIFIED,0.22595
50<TEMP<=60,PRESS>3,FR>24,5<AA<=25,75<IR<=85,0<RU<=25,15<O<=25,0.75<ICA<1.5,40<PT<=60,0.3<ICC<=0.4,1<AL<=1.5,0.25<CL<=0.5,125<MEMBRANE<=175,1000<EW<=1100,DISQUALIFIED,0.14477
50<TEMP<=60,PRESS>3,FR>24,5<AA<=25,75<IR<=85,0<RU<=25,15<O<=25,0.75<ICA<1.5,40<PT<=60,0.3<ICC<=0.4,1<AL<=1.5,0.25<CL<=0.5,50<MEMBRANE<=125,1000<EW<=1100,DISQUALIFIED,0.23133
50<TEMP<=60,PRESS>3,FR>24,5<AA<=25,75<IR<=85,0<RU<=25,15<O<=25,0.75<ICA<1.5,40<PT<=60,0.3<ICC<=0.4,1<AL<=1.5,0.25<CL<=0.5,125<MEMBRANE<=175,1000<EW<=1100,DISQUALIFIED,0.12846
50<TEMP<=60,PRESS>3,FR>24,5<AA<=25,75<IR<=85,0<RU<=25,15<O<=25,0.75<ICA<1.5,40<PT<=60,0.3<ICC<=0.4,1<AL<=1.5,0.25<CL<=0.5,125<MEMBRANE<=175,1000<EW<=1100,DISQUALIFIED,0.22518
50<TEMP<=60,PRESS>3,FR>24,5<AA<=25,75<IR<=85,0<RU<=25,15<O<=25,0.75<ICA<1.5,40<PT<=60,0.3<ICC<=0.4,1<AL<=1.5,0.25<CL<=0.5,125<MEMBRANE<=175,1000<EW<=1100,DISQUALIFIED,0.1497
50<TEMP<=60,PRESS=1,FR>24,5<AA<=25,75<IR<=85,0<RU<=25,15<O<=25,0.75<ICA<1.5,40<PT<=60,0.3<ICC<=0.4,1<AL<=1.5,0.25<CL<=0.5,125<MEMBRANE<=175,1000<EW<=1100,DISQUALIFIED,0.26023
70<TEMP<=80,PRESS=1,3<FR<=6,5<AA<=25,85<IR<100,RU FREE,0<O<=15,0.1<ICA<=0.2,40<PT<=60,0.3<ICC<=0.4,AL<=0.25,0<CL<=0.25,50<MEMBRANE<=125,1000<EW<=1100,DISQUALIFIED,0.27026
70<TEMP<=80,PRESS=1,3<FR<=6,5<AA<=25,85<IR<100,RU FREE,0<O<=15,0.1<ICA<=0.2,40<PT<=60,0.3<ICC<=0.4,AL<=0.25,0<CL<=0.25,50<MEMBRANE<=125,1000<EW<=1100,DISQUALIFIED,0.34583
70<TEMP<=80,PRESS=1,3<FR<=6,5<AA<=25,85<IR<100,RU FREE,0<O<=15,0.1<ICA<=0.2,40<PT<=60,0.3<ICC<=0.4,AL<=0.25,0<CL<=0.25,50<MEMBRANE<=125,1000<EW<=1100,DISQUALIFIED,0.39872
70<TEMP<=80,PRESS=1,3<FR<=6,5<AA<=25,85<IR<100,RU FREE,0<O<=15,0.1<ICA<=0.2,40<PT<=60,0.3<ICC<=0.4,0.25<AL<=0.5,0<CL<=0.25,50<MEMBRANE<=125,1000<EW<=1100,DISQUALIFIED,0.47024
70<TEMP<=80,PRESS=1,3<FR<=6,5<AA<=25,85<IR<100,RU FREE,0<O<=15,0.1<ICA<=0.2,40<PT<=60,0.3<ICC<=0.4,0.5<AL<=0.75,0<CL<=0.25,50<MEMBRANE<=125,1000<EW<=1100,DISQUALIFIED,0.56443
70<TEMP<=80,PRESS=1,3<FR<=6,5<AA<=25,85<IR<100,RU FREE,0<O<=15,0.1<ICA<=0.2,40<PT<=60,0.3<ICC<=0.4,1<AL<=1.5,0<CL<=0.25,50<MEMBRANE<=125,1000<EW<=1100,DISQUALIFIED,0.56443
70<TEMP<=80,PRESS=1,FR>24,AA>25,25<IR<=50,RU FREE,O FREE,ICA=0,40<PT<=60,ICC=0,AL<=0.25,0<CL<=0.25,125<MEMBRANE<=175,1000<EW<=1100,DISQUALIFIED,0.32901
70<TEMP<=80,PRESS=1,FR>24,AA>25,IR FREE,RU FREE,O FREE,ICA=0,60<PT<100,ICC=0,AL<=0.25,0<CL<=0.25,125<MEMBRANE<=175,1000<EW<=1100,DISQUALIFIED,0.32901
TEMP<=30,PRESS=1,FR>24,AA<=5,50<IR<=75,0<RU<=25,0<O<=15,0.5<ICA<=0.75,PURE PT,1<ICC<=2,AL>1.5,CL>0.5,50<MEMBRANE<=125,1000<EW<=1100,DISQUALIFIED,0.01692
50<TEMP<=60,PRESS=1,FR>24,5<AA<=25,85<IR<100,RU FREE,0<O<=15,0.3<ICA<=0.4,PURE PT,0.3<ICC<=0.4,AL>1.5,CL>0.5,125<MEMBRANE<=175,1000<EW<=1100,DISQUALIFIED,0.80747
70<TEMP<=80,PRESS=1,FR>24,5<AA<=25,85<IR<100,RU FREE,0<O<=15,0.3<ICA<=0.4,PURE PT,0<ICC<=0.3,AL>1.5,CL>0.5,125<MEMBRANE<=175,1000<EW<=1100,DISQUALIFIED,0.62252
TEMP<=30,PRESS=1,FR>24,5<AA<=25,IR FREE,50<RU<=75,15<O<=25,0.75<ICA<1.5,PT FREE,0.7<ICC<=1,AL>1.5,CL>0.5,50<MEMBRANE<=125,1000<EW<=1100,DISQUALIFIED,0.10042
30<TEMP<=40,PRESS=1,FR>24,5<AA<=25,IR FREE,50<RU<=75,15<O<=25,0.75<ICA<1.5,PT FREE,0.7<ICC<=1,AL>1.5,CL>0.5,50<MEMBRANE<=125,1000<EW<=1100,DISQUALIFIED,0.13648
40<TEMP<=50,PRESS=1,FR>24,5<AA<=25,IR FREE,50<RU<=75,15<O<=25,0.75<ICA<1.5,PT FREE,0.7<ICC<=1,AL>1.5,CL>0.5,50<MEMBRANE<=125,1000<EW<=1100,DISQUALIFIED,0.15323
50<TEMP<=60,PRESS=1,FR>24,5<AA<=25,IR FREE,50<RU<=75,15<O<=25,0.75<ICA<1.5,PT FREE,1<ICC<=2,AL>1.5,CL>0.5,50<MEMBRANE<=125,1000<EW<=1100,DISQUALIFIED,0.17873
60<TEMP<=70,PRESS=1,FR>24,5<AA<=25,IR FREE,50<RU<=75,15<O<=25,0.75<ICA<1.5,PT FREE,1<ICC<=2,AL>1.5,CL>0.5,50<MEMBRANE<=125,1000<EW<=1100,DISQUALIFIED,0.1922
70<TEMP<=80,PRESS=1,FR>24,5<AA<=25,IR FREE,50<RU<=75,15<O<=25,0.75<ICA<1.5,PT FREE,1<ICC<=2,AL>1.5,CL>0.5,50<MEMBRANE<=125,1000<EW<=1100,DISQUALIFIED,0.24756
40<TEMP<=50,PRESS=1,FR>24,5<AA<=25,85<IR<100,RU FREE,0<O<=15,0.1<ICA<=0.2,PURE PT,0<ICC<=0.3,AL>1.5,0<CL<=0.25,125<MEMBRANE<=175,1000<EW<=1100,DISQUALIFIED,0.34357
40<TEMP<=50,PRESS=1,FR>24,5<AA<=25,85<IR<100,RU FREE,0<O<=15,0.1<ICA<=0.2,PURE PT,0<ICC<=0.3,AL<=0.25,0<CL<=0.25,125<MEMBRANE<=175,1000<EW<=1100,DISQUALIFIED,0.16492
40<TEMP<=50,PRESS=1,FR>24,5<AA<=25,85<IR<100,RU FREE,0<O<=15,0.1<ICA<=0.2,PURE PT,0<ICC<=0.3,AL>1.5,0<CL<=0.25,125<MEMBRANE<=175,1000<EW<=1100,DISQUALIFIED,0.34075
70<TEMP<=80,PRESS=1,FR<=3,AA<=5,IR<=25,RU FREE,0<O<=15,0.4<ICA<=0.5,40<PT<=60,0.4<ICC<=0.5,0.25<AL<=0.5,0.25<CL<=0.5,125<MEMBRANE<=175,1000<EW<=1100,DISQUALIFIED,0.77717
80<TEMP<=90,PRESS=1,6<FR<=24,AA<=5,85<IR<100,RU FREE,0<O<=15,0<ICA<=0.1,40<PT<=60,0.3<ICC<=0.4,AL<=0.25,0.25<CL<=0.5,25<MEMBRANE<=50,1000<EW<=1100,DISQUALIFIED,1.05467
70<TEMP<=80,PRESS=1,6<FR<=24,AA<=5,50<IR<=75,0<RU<=25,0<O<=15,0.3<ICA<=0.4,60<PT<100,0.3<ICC<=0.4,AL>1.5,CL>0.5,125<MEMBRANE<=175,1000<EW<=1100,DISQUALIFIED,0.59789
70<TEMP<=80,PRESS=1,FR<=3,AA<=5,85<IR<100,RU FREE,0<O<=15,0.4<ICA<=0.5,20<PT<=40,0.4<ICC<=0.5,AL>1.5,CL>0.5,50<MEMBRANE<=125,1000<EW<=1100,DISQUALIFIED,0.43179
80<TEMP<=90,PRESS=1,FR<=3,AA<=5,85<IR<100,RU FREE,0<O<=15,0.4<ICA<=0.5,20<PT<=40,0.4<ICC<=0.5,AL>1.5,CL>0.5,50<MEMBRANE<=125,1000<EW<=1100,DISQUALIFIED,0.38293
90<TEMP<=100,PRESS=1,FR<=3,AA<=5,85<IR<100,RU FREE,0<O<=15,0.4<ICA<=0.5,20<PT<=40,0.4<ICC<=0.5,AL>1.5,CL>0.5,50<MEMBRANE<=125,1000<EW<=1100,DISQUALIFIED,0.51931
TEMP>100,PRESS=1,FR<=3,AA<=5,85<IR<100,RU FREE,0<O<=15,0.4<ICA<=0.5,20<PT<=40,0.4<ICC<=0.5,AL>1.5,CL>0.5,50<MEMBRANE<=125,1000<EW<=1100,DISQUALIFIED,0.45197
TEMP>100,PRESS=1,FR<=3,AA<=5,85<IR<100,RU FREE,0<O<=15,0.4<ICA<=0.5,20<PT<=40,0.4<ICC<=0.5,AL>1.5,CL>0.5,50<MEMBRANE<=125,1000<EW<=1100,DISQUALIFIED,0.22978
70<TEMP<=80,PRESS=1,FR<=3,AA<=5,85<IR<100,RU FREE,0<O<=15,0.4<ICA<=0.5,20<PT<=40,0.4<ICC<=0.5,AL>1.5,CL>0.5,50<MEMBRANE<=125,900<EW<=1000,DISQUALIFIED,0.58587
80<TEMP<=90,PRESS=1,FR<=3,AA<=5,85<IR<100,RU FREE,0<O<=15,0.4<ICA<=0.5,20<PT<=40,0.4<ICC<=0.5,AL>1.5,CL>0.5,50<MEMBRANE<=125,900<EW<=1000,DISQUALIFIED,0.66405
90<TEMP<=100,PRESS=1,FR<=3,AA<=5,85<IR<100,RU FREE,0<O<=15,0.4<ICA<=0.5,20<PT<=40,0.4<ICC<=0.5,AL>1.5,CL>0.5,50<MEMBRANE<=125,900<EW<=1000,DISQUALIFIED,0.74494
TEMP>100,PRESS=1,FR<=3,AA<=5,85<IR<100,RU FREE,0<O<=15,0.4<ICA<=0.5,20<PT<=40,0.4<ICC<=0.5,AL>1.5,CL>0.5,50<MEMBRANE<=125,900<EW<=1000,DISQUALIFIED,0.79639
TEMP>100,PRESS=1,FR<=3,AA<=5,85<IR<100,RU FREE,0<O<=15,0.4<ICA<=0.5,20<PT<=40,0.4<ICC<=0.5,AL>1.5,CL>0.5,50<MEMBRANE<=125,900<EW<=1000,DISQUALIFIED,0.38246
70<TEMP<=80,2<PRESS<=3,FR<=3,AA<=5,85<IR<100,RU FREE,0<O<=15,0.4<ICA<=0.5,20<PT<=40,0.4<ICC<=0.5,AL>1.5,CL>0.5,50<MEMBRANE<=125,1000<EW<=1100,DISQUALIFIED,0.32698
80<TEMP<=90,2<PRESS<=3,FR<=3,AA<=5,85<IR<100,RU FREE,0<O<=15,0.4<ICA<=0.5,20<PT<=40,0.4<ICC<=0.5,AL>1.5,CL>0.5,50<MEMBRANE<=125,1000<EW<=1100,DISQUALIFIED,0.3888
90<TEMP<=100,2<PRESS<=3,FR<=3,AA<=5,85<IR<100,RU FREE,0<O<=15,0.4<ICA<=0.5,20<PT<=40,0.4<ICC<=0.5,AL>1.5,CL>0.5,50<MEMBRANE<=125,1000<EW<=1100,DISQUALIFIED,0.52175
TEMP>100,2<PRESS<=3,FR<=3,AA<=5,85<IR<100,RU FREE,0<O<=15,0.4<ICA<=0.5,20<PT<=40,0.4<ICC<=0.5,AL>1.5,CL>0.5,50<MEMBRANE<=125,1000<EW<=1100,DISQUALIFIED,0.55539
TEMP>100,2<PRESS<=3,FR<=3,AA<=5,85<IR<100,RU FREE,0<O<=15,0.4<ICA<=0.5,20<PT<=40,0.4<ICC<=0.5,AL>1.5,CL>0.5,50<MEMBRANE<=125,1000<EW<=1100,DISQUALIFIED,0.3
70<TEMP<=80,2<PRESS<=3,FR<=3,AA<=5,85<IR<100,RU FREE,0<O<=15,0.4<ICA<=0.5,20<PT<=40,0.4<ICC<=0.5,AL>1.5,CL>0.5,50<MEMBRANE<=125,900<EW<=1000,DISQUALIFIED,0.52611
80<TEMP<=90,2<PRESS<=3,FR<=3,AA<=5,85<IR<100,RU FREE,0<O<=15,0.4<ICA<=0.5,20<PT<=40,0.4<ICC<=0.5,AL>1.5,CL>0.5,50<MEMBRANE<=125,900<EW<=1000,DISQUALIFIED,0.63599
90<TEMP<=100,2<PRESS<=3,FR<=3,AA<=5,85<IR<100,RU FREE,0<O<=15,0.4<ICA<=0.5,20<PT<=40,0.4<ICC<=0.5,AL>1.5,CL>0.5,50<MEMBRANE<=125,900<EW<=1000,DISQUALIFIED,0.74587
TEMP>100,2<PRESS<=3,FR<=3,AA<=5,85<IR<100,RU FREE,0<O<=15,0.4<ICA<=0.5,20<PT<=40,0.4<ICC<=0.5,AL>1.5,CL>0.5,50<MEMBRANE<=125,900<EW<=1000,DISQUALIFIED,0.77382
TEMP>100,2<PRESS<=3,FR<=3,AA<=5,85<IR<100,RU FREE,0<O<=15,0.4<ICA<=0.5,20<PT<=40,0.4<ICC<=0.5,AL>1.5,CL>0.5,50<MEMBRANE<=125,900<EW<=1000,DISQUALIFIED,0.7605
70<TEMP<=80,PRESS>3,FR<=3,AA<=5,PURE IR,RU FREE,O FREE,0.1<ICA<=0.2,60<PT<100,0.4<ICC<=0.5,AL<=0.25,CL>0.5,50<MEMBRANE<=125,1000<EW<=1100,DISQUALIFIED,0.4
70<TEMP<=80,PRESS>3,FR<=3,AA<=5,PURE IR,RU FREE,O FREE,0<ICA<=0.1,60<PT<100,0.4<ICC<=0.5,AL<=0.25,CL>0.5,50<MEMBRANE<=125,1000<EW<=1100,DISQUALIFIED,0.46669
70<TEMP<=80,PRESS>3,FR<=3,AA<=5,PURE IR,RU FREE,O FREE,0<ICA<=0.1,60<PT<100,0.3<ICC<=0.4,AL<=0.25,CL>0.5,50<MEMBRANE<=125,1000<EW<=1100,DISQUALIFIED,0.49588
70<TEMP<=80,PRESS=1,FR>24,AA>25,85<IR<100,RU FREE,0<O<=15,ICA>1.5,40<PT<=60,1<ICC<=2,0.75<AL<=1,0.25<CL<=0.5,125<MEMBRANE<=175,1000<EW<=1100,DISQUALIFIED,0.34616
70<TEMP<=80,PRESS=1,6<FR<=24,AA<=5,PURE IR,RU FREE,O FREE,0.1<ICA<=0.2,0<PT<=20,0.4<ICC<=0.5,AL>1.5,0.25<CL<=0.5,50<MEMBRANE<=125,EW<=900,DISQUALIFIED,0.36668
70<TEMP<=80,PRESS=1,3<FR<=6,AA<=5,PURE IR,RU FREE,O FREE,0.1<ICA<=0.2,0<PT<=20,0.4<ICC<=0.5,AL>1.5,0.25<CL<=0.5,50<MEMBRANE<=125,1000<EW<=1100,DISQUALIFIED,0.66091
70<TEMP<=80,PRESS=1,FR<=3,5<AA<=25,85<IR<100,RU FREE,0<O<=15,0.4<ICA<=0.5,20<PT<=40,0.4<ICC<=0.5,AL>1.5,CL>0.5,50<MEMBRANE<=125,1000<EW<=1100,DISQUALIFIED,0.52445
70<TEMP<=80,2<PRESS<=3,FR<=3,5<AA<=25,85<IR<100,RU FREE,0<O<=15,0.4<ICA<=0.5,20<PT<=40,0.4<ICC<=0.5,AL>1.5,CL>0.5,50<MEMBRANE<=125,1000<EW<=1100,DISQUALIFIED,0.56806
TEMP>100,PRESS=1,FR<=3,5<AA<=25,85<IR<100,RU FREE,0<O<=15,0.4<ICA<=0.5,20<PT<=40,0.4<ICC<=0.5,AL>1.5,CL>0.5,50<MEMBRANE<=125,EW>1100,DISQUALIFIED,0.46904
TEMP>100,2<PRESS<=3,FR<=3,AA<=5,85<IR<100,RU FREE,0<O<=15,0.4<ICA<=0.5,20<PT<=40,0.4<ICC<=0.5,AL>1.5,CL>0.5,50<MEMBRANE<=125,EW>1100,DISQUALIFIED,0.63945
TEMP<=30,PRESS=1,FR<=3,AA<=5,50<IR<=75,0<RU<=25,0<O<=15,0.1<ICA<=0.2,20<PT<=40,0.3<ICC<=0.4,0.25<AL<=0.5,0<CL<=0.25,50<MEMBRANE<=125,900<EW<=1000,DISQUALIFIED,0.25183
30<TEMP<=40,PRESS=1,FR<=3,AA<=5,50<IR<=75,0<RU<=25,0<O<=15,0.1<ICA<=0.2,20<PT<=40,0.3<ICC<=0.4,0.25<AL<=0.5,0<CL<=0.25,50<MEMBRANE<=125,900<EW<=1000,DISQUALIFIED,0.38442
40<TEMP<=50,PRESS=1,3<FR<=6,AA<=5,50<IR<=75,0<RU<=25,0<O<=15,0.1<ICA<=0.2,20<PT<=40,0.3<ICC<=0.4,0.25<AL<=0.5,0<CL<=0.25,50<MEMBRANE<=125,900<EW<=1000,DISQUALIFIED,0.53334
50<TEMP<=60,PRESS=1,3<FR<=6,AA<=5,50<IR<=75,0<RU<=25,0<O<=15,0.1<ICA<=0.2,20<PT<=40,0.3<ICC<=0.4,0.25<AL<=0.5,0<CL<=0.25,50<MEMBRANE<=125,900<EW<=1000,DISQUALIFIED,0.72101
60<TEMP<=70,PRESS=1,3<FR<=6,AA<=5,50<IR<=75,0<RU<=25,0<O<=15,0.1<ICA<=0.2,20<PT<=40,0.3<ICC<=0.4,0.25<AL<=0.5,0<CL<=0.25,50<MEMBRANE<=125,900<EW<=1000,DISQUALIFIED,0.96478
70<TEMP<=80,PRESS=1,3<FR<=6,AA<=5,50<IR<=75,0<RU<=25,0<O<=15,0.1<ICA<=0.2,20<PT<=40,0.3<ICC<=0.4,0.25<AL<=0.5,0<CL<=0.25,50<MEMBRANE<=125,900<EW<=1000,QUALIFIED,1.26261
80<TEMP<=90,PRESS=1,3<FR<=6,AA<=5,50<IR<=75,0<RU<=25,0<O<=15,0.1<ICA<=0.2,20<PT<=40,0.3<ICC<=0.4,0.25<AL<=0.5,0<CL<=0.25,50<MEMBRANE<=125,900<EW<=1000,QUALIFIED,1.5176
TEMP<=30,PRESS=1,FR<=3,AA<=5,50<IR<=75,0<RU<=25,0<O<=15,0.1<ICA<=0.2,20<PT<=40,0.3<ICC<=0.4,0.25<AL<=0.5,0<CL<=0.25,50<MEMBRANE<=125,900<EW<=1000,DISQUALIFIED,0.32456
30<TEMP<=40,PRESS=1,FR<=3,AA<=5,50<IR<=75,0<RU<=25,0<O<=15,0.1<ICA<=0.2,20<PT<=40,0.3<ICC<=0.4,0.25<AL<=0.5,0<CL<=0.25,50<MEMBRANE<=125,900<EW<=1000,DISQUALIFIED,0.46059
40<TEMP<=50,PRESS=1,3<FR<=6,AA<=5,50<IR<=75,0<RU<=25,0<O<=15,0.1<ICA<=0.2,20<PT<=40,0.3<ICC<=0.4,0.25<AL<=0.5,0<CL<=0.25,50<MEMBRANE<=125,900<EW<=1000,DISQUALIFIED,0.62632
50<TEMP<=60,PRESS=1,FR<=3,AA<=5,50<IR<=75,0<RU<=25,0<O<=15,0.1<ICA<=0.2,20<PT<=40,0.3<ICC<=0.4,0.25<AL<=0.5,0<CL<=0.25,50<MEMBRANE<=125,900<EW<=1000,DISQUALIFIED,0.81408
60<TEMP<=70,PRESS=1,3<FR<=6,AA<=5,50<IR<=75,0<RU<=25,0<O<=15,0.1<ICA<=0.2,20<PT<=40,0.3<ICC<=0.4,0.25<AL<=0.5,0<CL<=0.25,50<MEMBRANE<=125,900<EW<=1000,DISQUALIFIED,1.08614
70<TEMP<=80,PRESS=1,3<FR<=6,AA<=5,50<IR<=75,0<RU<=25,0<O<=15,0.1<ICA<=0.2,20<PT<=40,0.3<ICC<=0.4,0.25<AL<=0.5,0<CL<=0.25,50<MEMBRANE<=125,900<EW<=1000,QUALIFIED,1.3582
80<TEMP<=90,PRESS=1,3<FR<=6,AA<=5,50<IR<=75,0<RU<=25,0<O<=15,0.1<ICA<=0.2,20<PT<=40,0.3<ICC<=0.4,0.25<AL<=0.5,0<CL<=0.25,50<MEMBRANE<=125,900<EW<=1000,QUALIFIED,1.62643
80<TEMP<=90,PRESS=1,6<FR<=24,AA<=5,85<IR<100,RU FREE,0<O<=15,ICA=0,40<PT<=60,0.4<ICC<=0.5,AL<=0.25,0.25<CL<=0.5,25<MEMBRANE<=50,1000<EW<=1100,DISQUALIFIED,0.53256
80<TEMP<=90,PRESS=1,6<FR<=24,AA<=5,85<IR<100,RU FREE,0<O<=15,ICA=0,40<PT<=60,0.3<ICC<=0.4,AL<=0.25,0.25<CL<=0.5,25<MEMBRANE<=50,1000<EW<=1100,DISQUALIFIED,0.84347
80<TEMP<=90,PRESS=1,6<FR<=24,AA<=5,85<IR<100,RU FREE,0<O<=15,ICA=0,40<PT<=60,0.3<ICC<=0.4,AL<=0.25,0.25<CL<=0.5,25<MEMBRANE<=50,1000<EW<=1100,DISQUALIFIED,1.0169
80<TEMP<=90,PRESS=1,6<FR<=24,AA<=5,85<IR<100,RU FREE,0<O<=15,ICA=0,40<PT<=60,0.3<ICC<=0.4,AL<=0.25,0.25<CL<=0.5,25<MEMBRANE<=50,1000<EW<=1100,DISQUALIFIED,0.87026
80<TEMP<=90,PRESS=1,6<FR<=24,AA<=5,85<IR<100,RU FREE,0<O<=15,ICA=0,40<PT<=60,0.4<ICC<=0.5,0.25<AL<=0.5,0.25<CL<=0.5,25<MEMBRANE<=50,1000<EW<=1100,DISQUALIFIED,0.68766
50<TEMP<=60,PRESS=1,FR>24,AA<=5,85<IR<100,RU FREE,0<O<=15,0.1<ICA<=0.2,20<PT<=40,0<ICC<=0.3,1<AL<=1.5,CL>0.5,125<MEMBRANE<=175,1000<EW<=1100,DISQUALIFIED,0.3135
50<TEMP<=60,PRESS=1,FR>24,AA<=5,85<IR<100,RU FREE,0<O<=15,0.1<ICA<=0.2,20<PT<=40,0<ICC<=0.3,1<AL<=1.5,CL>0.5,125<MEMBRANE<=175,1000<EW<=1100,DISQUALIFIED,0.36914
50<TEMP<=60,PRESS=1,FR>24,AA<=5,85<IR<100,RU FREE,0<O<=15,0.1<ICA<=0.2,20<PT<=40,0<ICC<=0.3,0.5<AL<=0.75,CL>0.5,125<MEMBRANE<=175,1000<EW<=1100,DISQUALIFIED,0.11387
50<TEMP<=60,PRESS=1,FR>24,AA<=5,85<IR<100,RU FREE,0<O<=15,0.1<ICA<=0.2,20<PT<=40,0<ICC<=0.3,0.5<AL<=0.75,CL>0.5,125<MEMBRANE<=175,1000<EW<=1100,DISQUALIFIED,0.21441
50<TEMP<=60,PRESS=1,FR>24,AA<=5,85<IR<100,RU FREE,0<O<=15,0.1<ICA<=0.2,20<PT<=40,0<ICC<=0.3,0.5<AL<=0.75,CL>0.5,125<MEMBRANE<=175,1000<EW<=1100,DISQUALIFIED,0.27324
50<TEMP<=60,PRESS=1,FR>24,5<AA<=25,85<IR<100,RU FREE,0<O<=15,0.1<ICA<=0.2,20<PT<=40,0<ICC<=0.3,0.75<AL<=1,CL>0.5,125<MEMBRANE<=175,1000<EW<=1100,DISQUALIFIED,0.23904
50<TEMP<=60,PRESS=1,FR>24,5<AA<=25,85<IR<100,RU FREE,0<O<=15,0.1<ICA<=0.2,20<PT<=40,0<ICC<=0.3,0.75<AL<=1,CL>0.5,125<MEMBRANE<=175,1000<EW<=1100,DISQUALIFIED,0.3008
50<TEMP<=60,PRESS=1,FR>24,AA<=5,85<IR<100,RU FREE,0<O<=15,0.1<ICA<=0.2,20<PT<=40,0<ICC<=0.3,0.75<AL<=1,CL>0.5,125<MEMBRANE<=175,1000<EW<=1100,DISQUALIFIED,0.14295
50<TEMP<=60,PRESS=1,FR>24,AA>25,85<IR<100,RU FREE,0<O<=15,0.1<ICA<=0.2,20<PT<=40,0<ICC<=0.3,0.75<AL<=1,CL>0.5,125<MEMBRANE<=175,1000<EW<=1100,DISQUALIFIED,0.11844
50<TEMP<=60,PRESS=1,FR>24,5<AA<=25,85<IR<100,RU FREE,0<O<=15,0.1<ICA<=0.2,20<PT<=40,0<ICC<=0.3,AL>1.5,CL>0.5,125<MEMBRANE<=175,1000<EW<=1100,DISQUALIFIED,0.07937
50<TEMP<=60,PRESS=1,FR>24,AA>25,85<IR<100,RU FREE,0<O<=15,0.1<ICA<=0.2,20<PT<=40,0<ICC<=0.3,0.75<AL<=1,CL>0.5,125<MEMBRANE<=175,1000<EW<=1100,DISQUALIFIED,0.24236
TEMP>100,2<PRESS<=3,6<FR<=24,5<AA<=25,85<IR<100,RU FREE,0<O<=15,ICA=0,40<PT<=60,0.5<ICC<=0.7,AL<=0.25,0.25<CL<=0.5,25<MEMBRANE<=50,1000<EW<=1100,DISQUALIFIED,0.28819
TEMP>100,2<PRESS<=3,6<FR<=24,5<AA<=25,85<IR<100,RU FREE,0<O<=15,ICA=0,40<PT<=60,0.5<ICC<=0.7,AL<=0.25,0.25<CL<=0.5,25<MEMBRANE<=50,1000<EW<=1100,DISQUALIFIED,0.37267
TEMP>100,2<PRESS<=3,6<FR<=24,5<AA<=25,85<IR<100,RU FREE,0<O<=15,ICA=0,40<PT<=60,0.4<ICC<=0.5,0.25<AL<=0.5,0.25<CL<=0.5,25<MEMBRANE<=50,1000<EW<=1100,DISQUALIFIED,1.11812
TEMP>100,2<PRESS<=3,6<FR<=24,5<AA<=25,85<IR<100,RU FREE,0<O<=15,ICA=0,40<PT<=60,0.4<ICC<=0.5,0.75<AL<=1,0.25<CL<=0.5,25<MEMBRANE<=50,1000<EW<=1100,DISQUALIFIED,0.84088
TEMP>100,2<PRESS<=3,6<FR<=24,5<AA<=25,85<IR<100,RU FREE,0<O<=15,ICA=0,40<PT<=60,0.5<ICC<=0.7,AL>1.5,0.25<CL<=0.5,25<MEMBRANE<=50,1000<EW<=1100,DISQUALIFIED,0.57673
TEMP<=30,PRESS=1,3<FR<=6,AA<=5,50<IR<=75,0<RU<=25,0<O<=15,0.1<ICA<=0.2,20<PT<=40,0<ICC<=0.3,1<AL<=1.5,0.25<CL<=0.5,50<MEMBRANE<=125,900<EW<=1000,DISQUALIFIED,0.31694
30<TEMP<=40,PRESS=1,3<FR<=6,AA<=5,50<IR<=75,0<RU<=25,0<O<=15,0.1<ICA<=0.2,20<PT<=40,0<ICC<=0.3,1<AL<=1.5,0.25<CL<=0.5,50<MEMBRANE<=125,900<EW<=1000,DISQUALIFIED,0.40724
40<TEMP<=50,PRESS=1,3<FR<=6,AA<=5,50<IR<=75,0<RU<=25,0<O<=15,0.1<ICA<=0.2,20<PT<=40,0<ICC<=0.3,1<AL<=1.5,0.25<CL<=0.5,50<MEMBRANE<=125,900<EW<=1000,DISQUALIFIED,0.5531
50<TEMP<=60,PRESS=1,3<FR<=6,AA<=5,50<IR<=75,0<RU<=25,0<O<=15,0.1<ICA<=0.2,20<PT<=40,0<ICC<=0.3,1<AL<=1.5,0.25<CL<=0.5,50<MEMBRANE<=125,900<EW<=1000,DISQUALIFIED,0.69983
60<TEMP<=70,PRESS=1,3<FR<=6,AA<=5,50<IR<=75,0<RU<=25,0<O<=15,0.1<ICA<=0.2,20<PT<=40,0<ICC<=0.3,1<AL<=1.5,0.25<CL<=0.5,50<MEMBRANE<=125,900<EW<=1000,DISQUALIFIED,0.87522
70<TEMP<=80,PRESS=1,3<FR<=6,AA<=5,50<IR<=75,0<RU<=25,0<O<=15,0.1<ICA<=0.2,20<PT<=40,0<ICC<=0.3,1<AL<=1.5,0.25<CL<=0.5,50<MEMBRANE<=125,900<EW<=1000,DISQUALIFIED,1.07578
80<TEMP<=90,PRESS=1,3<FR<=6,AA<=5,50<IR<=75,0<RU<=25,0<O<=15,0.1<ICA<=0.2,20<PT<=40,0<ICC<=0.3,1<AL<=1.5,0.25<CL<=0.5,50<MEMBRANE<=125,900<EW<=1000,DISQUALIFIED,1.21209
TEMP<=30,PRESS=1,3<FR<=6,AA<=5,50<IR<=75,0<RU<=25,0<O<=15,0.1<ICA<=0.2,20<PT<=40,0<ICC<=0.3,1<AL<=1.5,0<CL<=0.25,50<MEMBRANE<=125,900<EW<=1000,DISQUALIFIED,0.32817
30<TEMP<=40,PRESS=1,3<FR<=6,AA<=5,50<IR<=75,0<RU<=25,0<O<=15,0.1<ICA<=0.2,20<PT<=40,0<ICC<=0.3,1<AL<=1.5,0<CL<=0.25,50<MEMBRANE<=125,900<EW<=1000,DISQUALIFIED,0.45447
40<TEMP<=50,PRESS=1,3<FR<=6,AA<=5,50<IR<=75,0<RU<=25,0<O<=15,0.1<ICA<=0.2,20<PT<=40,0<ICC<=0.3,1<AL<=1.5,0<CL<=0.25,50<MEMBRANE<=125,900<EW<=1000,DISQUALIFIED,0.54625
50<TEMP<=60,PRESS=1,3<FR<=6,AA<=5,50<IR<=75,0<RU<=25,0<O<=15,0.1<ICA<=0.2,20<PT<=40,0<ICC<=0.3,1<AL<=1.5,0<CL<=0.25,50<MEMBRANE<=125,900<EW<=1000,DISQUALIFIED,0.7256
60<TEMP<=70,PRESS=1,3<FR<=6,AA<=5,50<IR<=75,0<RU<=25,0<O<=15,0.1<ICA<=0.2,20<PT<=40,0<ICC<=0.3,1<AL<=1.5,0<CL<=0.25,50<MEMBRANE<=125,900<EW<=1000,DISQUALIFIED,0.86958
70<TEMP<=80,PRESS=1,3<FR<=6,AA<=5,50<IR<=75,0<RU<=25,0<O<=15,0.1<ICA<=0.2,20<PT<=40,0<ICC<=0.3,1<AL<=1.5,0<CL<=0.25,50<MEMBRANE<=125,900<EW<=1000,DISQUALIFIED,1.11208
80<TEMP<=90,PRESS=1,3<FR<=6,AA<=5,50<IR<=75,0<RU<=25,0<O<=15,0.1<ICA<=0.2,20<PT<=40,0<ICC<=0.3,1<AL<=1.5,0<CL<=0.25,50<MEMBRANE<=125,900<EW<=1000,QUALIFIED,1.299
TEMP<=30,PRESS=1,3<FR<=6,AA<=5,50<IR<=75,0<RU<=25,0<O<=15,0.1<ICA<=0.2,20<PT<=40,0<ICC<=0.3,0.25<AL<=0.5,0<CL<=0.25,50<MEMBRANE<=125,900<EW<=1000,DISQUALIFIED,0.17296
30<TEMP<=40,PRESS=1,3<FR<=6,AA<=5,50<IR<=75,0<RU<=25,0<O<=15,0.1<ICA<=0.2,20<PT<=40,0<ICC<=0.3,0.25<AL<=0.5,0<CL<=0.25,50<MEMBRANE<=125,900<EW<=1000,DISQUALIFIED,0.24836
40<TEMP<=50,PRESS=1,3<FR<=6,AA<=5,50<IR<=75,0<RU<=25,0<O<=15,0.1<ICA<=0.2,20<PT<=40,0<ICC<=0.3,0.25<AL<=0.5,0<CL<=0.25,50<MEMBRANE<=125,900<EW<=1000,DISQUALIFIED,0.35644
50<TEMP<=60,PRESS=1,3<FR<=6,AA<=5,50<IR<=75,0<RU<=25,0<O<=15,0.1<ICA<=0.2,20<PT<=40,0<ICC<=0.3,0.25<AL<=0.5,0<CL<=0.25,50<MEMBRANE<=125,900<EW<=1000,DISQUALIFIED,0.50054
60<TEMP<=70,PRESS=1,3<FR<=6,AA<=5,50<IR<=75,0<RU<=25,0<O<=15,0.1<ICA<=0.2,20<PT<=40,0<ICC<=0.3,0.25<AL<=0.5,0<CL<=0.25,50<MEMBRANE<=125,900<EW<=1000,DISQUALIFIED,0.67312
70<TEMP<=80,PRESS=1,3<FR<=6,AA<=5,50<IR<=75,0<RU<=25,0<O<=15,0.1<ICA<=0.2,20<PT<=40,0<ICC<=0.3,0.25<AL<=0.5,0<CL<=0.25,50<MEMBRANE<=125,900<EW<=1000,DISQUALIFIED,0.82812
80<TEMP<=90,PRESS=1,3<FR<=6,AA<=5,50<IR<=75,0<RU<=25,0<O<=15,0.1<ICA<=0.2,20<PT<=40,0<ICC<=0.3,0.25<AL<=0.5,0<CL<=0.25,50<MEMBRANE<=125,900<EW<=1000,DISQUALIFIED,1.02584
70<TEMP<=80,PRESS=1,3<FR<=6,AA<=5,50<IR<=75,0<RU<=25,0<O<=15,0.1<ICA<=0.2,20<PT<=40,0<ICC<=0.3,1<AL<=1.5,0<CL<=0.25,50<MEMBRANE<=125,900<EW<=1000,DISQUALIFIED,1.10838
70<TEMP<=80,PRESS=1,3<FR<=6,AA<=5,50<IR<=75,0<RU<=25,0<O<=15,0.1<ICA<=0.2,20<PT<=40,0<ICC<=0.3,0.25<AL<=0.5,0<CL<=0.25,50<MEMBRANE<=125,900<EW<=1000,DISQUALIFIED,0.5814
70<TEMP<=80,PRESS=1,3<FR<=6,AA<=5,50<IR<=75,0<RU<=25,0<O<=15,0.1<ICA<=0.2,20<PT<=40,0<ICC<=0.3,0.25<AL<=0.5,0<CL<=0.25,50<MEMBRANE<=125,900<EW<=1000,DISQUALIFIED,0.72457
50<TEMP<=60,PRESS=1,6<FR<=24,AA<=5,85<IR<100,RU FREE,0<O<=15,0.1<ICA<=0.2,20<PT<=40,0<ICC<=0.3,0.5<AL<=0.75,CL>0.5,125<MEMBRANE<=175,1000<EW<=1100,DISQUALIFIED,0.2724
50<TEMP<=60,PRESS=1,6<FR<=24,AA<=5,85<IR<100,RU FREE,0<O<=15,0.1<ICA<=0.2,20<PT<=40,0<ICC<=0.3,0.5<AL<=0.75,CL>0.5,125<MEMBRANE<=175,1000<EW<=1100,DISQUALIFIED,0.13864
70<TEMP<=80,PRESS=1,3<FR<=6,5<AA<=25,75<IR<=85,RU FREE,15<O<=25,0.2<ICA<=0.3,40<PT<=60,0.4<ICC<=0.5,AL>1.5,CL>0.5,50<MEMBRANE<=125,1000<EW<=1100,DISQUALIFIED,0.80459
80<TEMP<=90,PRESS=1,3<FR<=6,5<AA<=25,75<IR<=85,RU FREE,15<O<=25,0.2<ICA<=0.3,40<PT<=60,0.4<ICC<=0.5,AL>1.5,CL>0.5,50<MEMBRANE<=125,1000<EW<=1100,DISQUALIFIED,0.86219
90<TEMP<=100,PRESS=1,3<FR<=6,5<AA<=25,75<IR<=85,RU FREE,15<O<=25,0.2<ICA<=0.3,40<PT<=60,0.4<ICC<=0.5,AL>1.5,CL>0.5,50<MEMBRANE<=125,1000<EW<=1100,DISQUALIFIED,0.9009
TEMP>100,PRESS=1,3<FR<=6,5<AA<=25,75<IR<=85,RU FREE,15<O<=25,0.2<ICA<=0.3,40<PT<=60,0.4<ICC<=0.5,AL>1.5,CL>0.5,50<MEMBRANE<=125,1000<EW<=1100,DISQUALIFIED,0.99674
70<TEMP<=80,PRESS=1,FR>24,5<AA<=25,IR FREE,75<RU<=100,15<O<=25,0.4<ICA<=0.5,20<PT<=40,0.5<ICC<=0.7,AL>1.5,CL>0.5,50<MEMBRANE<=125,1000<EW<=1100,DISQUALIFIED,0.55315
80<TEMP<=90,PRESS=1,6<FR<=24,5<AA<=25,PURE IR,RU FREE,O FREE,0.3<ICA<=0.4,20<PT<=40,0.5<ICC<=0.7,AL>1.5,CL>0.5,50<MEMBRANE<=125,1000<EW<=1100,DISQUALIFIED,0.48486
70<TEMP<=80,PRESS=1,FR>24,AA<=5,85<IR<100,RU FREE,0<O<=15,0.4<ICA<=0.5,20<PT<=40,0.4<ICC<=0.5,AL>1.5,0.25<CL<=0.5,125<MEMBRANE<=175,1000<EW<=1100,DISQUALIFIED,0.49186
70<TEMP<=80,PRESS=1,FR>24,AA<=5,IR FREE,50<RU<=75,15<O<=25,0.4<ICA<=0.5,20<PT<=40,0.4<ICC<=0.5,AL>1.5,0.25<CL<=0.5,125<MEMBRANE<=175,1000<EW<=1100,DISQUALIFIED,0.57998
70<TEMP<=80,PRESS=1,FR>24,AA<=5,25<IR<=50,25<RU<=50,15<O<=25,0.4<ICA<=0.5,20<PT<=40,0.4<ICC<=0.5,AL>1.5,0.25<CL<=0.5,125<MEMBRANE<=175,1000<EW<=1100,DISQUALIFIED,0.78351
70<TEMP<=80,PRESS=1,FR>24,AA<=5,25<IR<=50,25<RU<=50,15<O<=25,0.4<ICA<=0.5,20<PT<=40,0.4<ICC<=0.5,AL>1.5,0.25<CL<=0.5,125<MEMBRANE<=175,1000<EW<=1100,DISQUALIFIED,0.78351
70<TEMP<=80,PRESS=1,FR>24,AA<=5,85<IR<100,RU FREE,0<O<=15,0.5<ICA<=0.75,20<PT<=40,0.4<ICC<=0.5,0.75<AL<=1,0.25<CL<=0.5,125<MEMBRANE<=175,1000<EW<=1100,DISQUALIFIED,0.25003
70<TEMP<=80,PRESS=1,FR>24,AA<=5,25<IR<=50,RU FREE,15<O<=25,0.3<ICA<=0.4,20<PT<=40,0<ICC<=0.3,0.25<AL<=0.5,0.25<CL<=0.5,125<MEMBRANE<=175,1000<EW<=1100,DISQUALIFIED,0.16124
70<TEMP<=80,PRESS=1,FR>24,AA<=5,25<IR<=50,RU FREE,15<O<=25,0.3<ICA<=0.4,20<PT<=40,0<ICC<=0.3,0.25<AL<=0.5,0.25<CL<=0.5,125<MEMBRANE<=175,1000<EW<=1100,DISQUALIFIED,0.23002
70<TEMP<=80,PRESS=1,FR>24,AA<=5,25<IR<=50,RU FREE,15<O<=25,0.3<ICA<=0.4,20<PT<=40,0<ICC<=0.3,0.25<AL<=0.5,0.25<CL<=0.5,125<MEMBRANE<=175,1000<EW<=1100,DISQUALIFIED,0.20777
70<TEMP<=80,PRESS=1,FR>24,AA<=5,25<IR<=50,RU FREE,15<O<=25,0.3<ICA<=0.4,20<PT<=40,0<ICC<=0.3,0.25<AL<=0.5,0.25<CL<=0.5,125<MEMBRANE<=175,1000<EW<=1100,DISQUALIFIED,0.239
70<TEMP<=80,PRESS=1,FR>24,AA<=5,50<IR<=75,RU FREE,15<O<=25,0.2<ICA<=0.3,20<PT<=40,0.3<ICC<=0.4,0.5<AL<=0.75,0.25<CL<=0.5,125<MEMBRANE<=175,1000<EW<=1100,DISQUALIFIED,0.26034
70<TEMP<=80,PRESS=1,FR>24,AA<=5,50<IR<=75,RU FREE,15<O<=25,0.75<ICA<1.5,20<PT<=40,1<ICC<=2,0.5<AL<=0.75,0.25<CL<=0.5,125<MEMBRANE<=175,1000<EW<=1100,DISQUALIFIED,0.33305
70<TEMP<=80,PRESS=1,6<FR<=24,AA<=5,50<IR<=75,RU FREE,15<O<=25,0.3<ICA<=0.4,20<PT<=40,1<ICC<=2,0.75<AL<=1,0.25<CL<=0.5,50<MEMBRANE<=125,1000<EW<=1100,DISQUALIFIED,0.59138
70<TEMP<=80,PRESS=1,6<FR<=24,AA<=5,50<IR<=75,RU FREE,15<O<=25,0.3<ICA<=0.4,20<PT<=40,ICC=0,0.75<AL<=1,0.25<CL<=0.5,50<MEMBRANE<=125,1000<EW<=1100,DISQUALIFIED,0.49488
70<TEMP<=80,PRESS=1,6<FR<=24,AA<=5,50<IR<=75,RU FREE,15<O<=25,0.5<ICA<=0.75,20<PT<=40,1<ICC<=2,0.5<AL<=0.75,0.25<CL<=0.5,50<MEMBRANE<=125,1000<EW<=1100,DISQUALIFIED,0.61176
70<TEMP<=80,PRESS=1,6<FR<=24,AA<=5,50<IR<=75,RU FREE,15<O<=25,0.75<ICA<1.5,20<PT<=40,1<ICC<=2,0.25<AL<=0.5,0.25<CL<=0.5,50<MEMBRANE<=125,1000<EW<=1100,DISQUALIFIED,0.49929
70<TEMP<=80,PRESS=1,FR>24,AA<=5,85<IR<100,RU FREE,0<O<=15,0.3<ICA<=0.4,60<PT<100,0.3<ICC<=0.4,AL<=0.25,CL>0.5,25<MEMBRANE<=50,1000<EW<=1100,DISQUALIFIED,0.93413
70<TEMP<=80,PRESS=1,FR>24,AA<=5,PURE IR,RU FREE,O FREE,0.3<ICA<=0.4,60<PT<100,0.3<ICC<=0.4,0.75<AL<=1,CL>0.5,25<MEMBRANE<=50,1000<EW<=1100,DISQUALIFIED,0.74133
70<TEMP<=80,PRESS=1,6<FR<=24,AA<=5,50<IR<=75,0<RU<=25,0<O<=15,0.1<ICA<=0.2,PURE PT,0<ICC<=0.3,AL>1.5,CL>0.5,50<MEMBRANE<=125,1000<EW<=1100,DISQUALIFIED,0.88957
50<TEMP<=60,PRESS=1,6<FR<=24,AA<=5,50<IR<=75,0<RU<=25,0<O<=15,0.1<ICA<=0.2,PURE PT,0<ICC<=0.3,AL>1.5,CL>0.5,50<MEMBRANE<=125,1000<EW<=1100,DISQUALIFIED,0.64626
30<TEMP<=40,PRESS=1,6<FR<=24,AA<=5,50<IR<=75,0<RU<=25,0<O<=15,0.2<ICA<=0.3,PURE PT,0.3<ICC<=0.4,AL>1.5,CL>0.5,50<MEMBRANE<=125,1000<EW<=1100,DISQUALIFIED,0.39598
TEMP<=30,PRESS=1,6<FR<=24,AA<=5,50<IR<=75,0<RU<=25,0<O<=15,0.2<ICA<=0.3,PURE PT,0.4<ICC<=0.5,AL>1.5,CL>0.5,50<MEMBRANE<=125,1000<EW<=1100,DISQUALIFIED,0.21866
60<TEMP<=70,PRESS=1,FR>24,5<AA<=25,PURE IR,RU FREE,O FREE,0.75<ICA<1.5,PURE PT,ICC>2,AL>1.5,CL>0.5,125<MEMBRANE<=175,1000<EW<=1100,DISQUALIFIED,0.3183
60<TEMP<=70,PRESS=1,FR>24,5<AA<=25,PURE IR,RU FREE,O FREE,0.75<ICA<1.5,PT FREE,ICC>2,AL>1.5,CL>0.5,125<MEMBRANE<=175,1000<EW<=1100,DISQUALIFIED,0.0919
70<TEMP<=80,PRESS=1,FR>24,5<AA<=25,25<IR<=50,RU FREE,0<O<=15,ICA>1.5,PURE PT,ICC>2,0.5<AL<=0.75,CL>0.5,50<MEMBRANE<=125,1000<EW<=1100,DISQUALIFIED,0.28886
70<TEMP<=80,PRESS=1,FR>24,5<AA<=25,50<IR<=75,0<RU<=25,0<O<=15,0.75<ICA<1.5,PURE PT,ICC>2,1<AL<=1.5,CL>0.5,50<MEMBRANE<=125,1000<EW<=1100,DISQUALIFIED,0.13551
80<TEMP<=90,PRESS=1,6<FR<=24,AA<=5,85<IR<100,RU FREE,0<O<=15,ICA=0,40<PT<=60,0.4<ICC<=0.5,AL<=0.25,0<CL<=0.25,25<MEMBRANE<=50,1000<EW<=1100,DISQUALIFIED,0.43429
80<TEMP<=90,PRESS=1,6<FR<=24,AA<=5,85<IR<100,RU FREE,0<O<=15,ICA=0,PURE PT,0.4<ICC<=0.5,AL<=0.25,0<CL<=0.25,25<MEMBRANE<=50,1000<EW<=1100,DISQUALIFIED,0.60391
70<TEMP<=80,PRESS=1,FR>24,5<AA<=25,50<IR<=75,0<RU<=25,0<O<=15,0.4<ICA<=0.5,20<PT<=40,0.3<ICC<=0.4,0.75<AL<=1,0.25<CL<=0.5,25<MEMBRANE<=50,1000<EW<=1100,DISQUALIFIED,0.39158
70<TEMP<=80,PRESS=1,FR>24,AA<=5,85<IR<100,RU FREE,0<O<=15,0.1<ICA<=0.2,0<PT<=20,0<ICC<=0.3,AL>1.5,0<CL<=0.25,125<MEMBRANE<=175,1000<EW<=1100,DISQUALIFIED,0.50636
70<TEMP<=80,PRESS=1,FR<=3,5<AA<=25,85<IR<100,RU FREE,0<O<=15,0.5<ICA<=0.75,20<PT<=40,0.5<ICC<=0.7,AL>1.5,CL>0.5,125<MEMBRANE<=175,1000<EW<=1100,DISQUALIFIED,0.44182
70<TEMP<=80,PRESS=1,6<FR<=24,AA<=5,50<IR<=75,0<RU<=25,0<O<=15,ICA=0,PURE PT,ICC=0,AL>1.5,0<CL<=0.25,50<MEMBRANE<=125,1000<EW<=1100,DISQUALIFIED,0.81691
70<TEMP<=80,PRESS=1,6<FR<=24,AA<=5,50<IR<=75,0<RU<=25,0<O<=15,ICA=0,PURE PT,ICC=0,AL>1.5,0<CL<=0.25,50<MEMBRANE<=125,1000<EW<=1100,DISQUALIFIED,0.67955
70<TEMP<=80,PRESS=1,6<FR<=24,AA<=5,50<IR<=75,0<RU<=25,0<O<=15,ICA=0,PURE PT,ICC=0,AL>1.5,CL>0.5,50<MEMBRANE<=125,1000<EW<=1100,DISQUALIFIED,0.51489
70<TEMP<=80,PRESS=1,6<FR<=24,AA<=5,50<IR<=75,0<RU<=25,0<O<=15,ICA=0,0<PT<=20,ICC=0,AL>1.5,0<CL<=0.25,50<MEMBRANE<=125,1000<EW<=1100,DISQUALIFIED,0.40571
70<TEMP<=80,PRESS=1,FR>24,AA<=5,PURE IR,RU FREE,O FREE,0.3<ICA<=0.4,60<PT<100,0.3<ICC<=0.4,1<AL<=1.5,CL>0.5,50<MEMBRANE<=125,1000<EW<=1100,DISQUALIFIED,0.77124
70<TEMP<=80,PRESS=1,FR>24,AA<=5,50<IR<=75,RU FREE,15<O<=25,0.3<ICA<=0.4,60<PT<100,0.3<ICC<=0.4,0.75<AL<=1,CL>0.5,50<MEMBRANE<=125,1000<EW<=1100,DISQUALIFIED,0.84319
70<TEMP<=80,PRESS=1,FR>24,AA<=5,50<IR<=75,RU FREE,15<O<=25,0.3<ICA<=0.4,60<PT<100,0.3<ICC<=0.4,0.75<AL<=1,CL>0.5,50<MEMBRANE<=125,1000<EW<=1100,DISQUALIFIED,0.92
70<TEMP<=80,PRESS=1,FR>24,AA<=5,85<IR<100,RU FREE,0<O<=15,0.3<ICA<=0.4,60<PT<100,0.3<ICC<=0.4,1<AL<=1.5,CL>0.5,50<MEMBRANE<=125,1000<EW<=1100,DISQUALIFIED,0.96729
70<TEMP<=80,PRESS=1,6<FR<=24,5<AA<=25,IR<=25,RU FREE,0<O<=15,0<ICA<=0.1,0<PT<=20,0.3<ICC<=0.4,AL<=0.25,0.25<CL<=0.5,25<MEMBRANE<=50,1000<EW<=1100,DISQUALIFIED,0.88258
70<TEMP<=80,PRESS=1,6<FR<=24,5<AA<=25,85<IR<100,RU FREE,0<O<=15,0<ICA<=0.1,0<PT<=20,0.5<ICC<=0.7,AL<=0.25,0.25<CL<=0.5,25<MEMBRANE<=50,1000<EW<=1100,DISQUALIFIED,0.60101
70<TEMP<=80,PRESS=1,FR>24,5<AA<=25,85<IR<100,RU FREE,0<O<=15,0<ICA<=0.1,0<PT<=20,0.3<ICC<=0.4,AL<=0.25,0<CL<=0.25,25<MEMBRANE<=50,1000<EW<=1100,DISQUALIFIED,0.74993
70<TEMP<=80,PRESS=1,6<FR<=24,5<AA<=25,IR<=25,RU FREE,0<O<=15,0<ICA<=0.1,0<PT<=20,0.3<ICC<=0.4,AL<=0.25,0.25<CL<=0.5,25<MEMBRANE<=50,1000<EW<=1100,DISQUALIFIED,1.00657
70<TEMP<=80,PRESS=1,6<FR<=24,5<AA<=25,85<IR<100,RU FREE,0<O<=15,0<ICA<=0.1,0<PT<=20,0.3<ICC<=0.4,0.75<AL<=1,0.25<CL<=0.5,25<MEMBRANE<=50,1000<EW<=1100,DISQUALIFIED,0.62753
70<TEMP<=80,PRESS=1,6<FR<=24,5<AA<=25,85<IR<100,RU FREE,0<O<=15,0<ICA<=0.1,0<PT<=20,0.3<ICC<=0.4,0.75<AL<=1,0.25<CL<=0.5,25<MEMBRANE<=50,1000<EW<=1100,DISQUALIFIED,1.12802
70<TEMP<=80,PRESS=1,FR>24,5<AA<=25,IR<=25,RU FREE,0<O<=15,0<ICA<=0.1,0<PT<=20,0.3<ICC<=0.4,AL<=0.25,0.25<CL<=0.5,125<MEMBRANE<=175,1000<EW<=1100,DISQUALIFIED,0.50829
TEMP<=30,PRESS=1,6<FR<=24,AA<=5,PURE IR,RU FREE,O FREE,0.2<ICA<=0.3,20<PT<=40,0.4<ICC<=0.5,0.25<AL<=0.5,0<CL<=0.25,50<MEMBRANE<=125,900<EW<=1000,DISQUALIFIED,0.13185
30<TEMP<=40,PRESS=1,6<FR<=24,AA<=5,PURE IR,RU FREE,O FREE,0.2<ICA<=0.3,20<PT<=40,0.4<ICC<=0.5,0.25<AL<=0.5,0<CL<=0.25,50<MEMBRANE<=125,900<EW<=1000,DISQUALIFIED,0.18337
40<TEMP<=50,PRESS=1,6<FR<=24,AA<=5,PURE IR,RU FREE,O FREE,0.2<ICA<=0.3,20<PT<=40,0.4<ICC<=0.5,0.25<AL<=0.5,0<CL<=0.25,50<MEMBRANE<=125,900<EW<=1000,DISQUALIFIED,0.23928
50<TEMP<=60,PRESS=1,3<FR<=6,AA<=5,PURE IR,RU FREE,O FREE,0.2<ICA<=0.3,20<PT<=40,0.4<ICC<=0.5,0.25<AL<=0.5,0<CL<=0.25,50<MEMBRANE<=125,900<EW<=1000,DISQUALIFIED,0.29483
60<TEMP<=70,PRESS=1,3<FR<=6,AA<=5,PURE IR,RU FREE,O FREE,0.2<ICA<=0.3,20<PT<=40,0.4<ICC<=0.5,0.25<AL<=0.5,0<CL<=0.25,50<MEMBRANE<=125,900<EW<=1000,DISQUALIFIED,0.36061
70<TEMP<=80,PRESS=1,FR<=3,AA<=5,PURE IR,RU FREE,O FREE,0.2<ICA<=0.3,20<PT<=40,0.4<ICC<=0.5,0.25<AL<=0.5,0<CL<=0.25,50<MEMBRANE<=125,900<EW<=1000,DISQUALIFIED,0.42017
80<TEMP<=90,PRESS=1,FR<=3,AA<=5,PURE IR,RU FREE,O FREE,0.2<ICA<=0.3,20<PT<=40,0.4<ICC<=0.5,0.25<AL<=0.5,0<CL<=0.25,50<MEMBRANE<=125,900<EW<=1000,DISQUALIFIED,0.49947
TEMP<=30,PRESS=1,6<FR<=24,AA<=5,85<IR<100,RU FREE,0<O<=15,0.2<ICA<=0.3,20<PT<=40,0.4<ICC<=0.5,0.25<AL<=0.5,0<CL<=0.25,50<MEMBRANE<=125,900<EW<=1000,DISQUALIFIED,0.21401
30<TEMP<=40,PRESS=1,6<FR<=24,AA<=5,85<IR<100,RU FREE,0<O<=15,0.2<ICA<=0.3,20<PT<=40,0.4<ICC<=0.5,0.25<AL<=0.5,0<CL<=0.25,50<MEMBRANE<=125,900<EW<=1000,DISQUALIFIED,0.29831
40<TEMP<=50,PRESS=1,6<FR<=24,AA<=5,85<IR<100,RU FREE,0<O<=15,0.2<ICA<=0.3,20<PT<=40,0.4<ICC<=0.5,0.25<AL<=0.5,0<CL<=0.25,50<MEMBRANE<=125,900<EW<=1000,DISQUALIFIED,0.42765
50<TEMP<=60,PRESS=1,6<FR<=24,AA<=5,85<IR<100,RU FREE,0<O<=15,0.2<ICA<=0.3,20<PT<=40,0.4<ICC<=0.5,0.25<AL<=0.5,0<CL<=0.25,50<MEMBRANE<=125,900<EW<=1000,DISQUALIFIED,0.55378
60<TEMP<=70,PRESS=1,6<FR<=24,AA<=5,85<IR<100,RU FREE,0<O<=15,0.2<ICA<=0.3,20<PT<=40,0.4<ICC<=0.5,0.25<AL<=0.5,0<CL<=0.25,50<MEMBRANE<=125,900<EW<=1000,DISQUALIFIED,0.69728
70<TEMP<=80,PRESS=1,6<FR<=24,AA<=5,85<IR<100,RU FREE,0<O<=15,0.2<ICA<=0.3,20<PT<=40,0.4<ICC<=0.5,0.25<AL<=0.5,0<CL<=0.25,50<MEMBRANE<=125,900<EW<=1000,DISQUALIFIED,0.88325
80<TEMP<=90,PRESS=1,6<FR<=24,AA<=5,85<IR<100,RU FREE,0<O<=15,0.2<ICA<=0.3,20<PT<=40,0.4<ICC<=0.5,0.25<AL<=0.5,0<CL<=0.25,50<MEMBRANE<=125,900<EW<=1000,DISQUALIFIED,1.08982
50<TEMP<=60,PRESS=1,FR>24,AA>25,85<IR<100,RU FREE,0<O<=15,ICA>1.5,60<PT<100,ICC>2,AL<=0.25,0.25<CL<=0.5,125<MEMBRANE<=175,1000<EW<=1100,DISQUALIFIED,0.32767
50<TEMP<=60,PRESS=1,FR>24,AA>25,85<IR<100,RU FREE,0<O<=15,ICA>1.5,60<PT<100,1<ICC<=2,AL<=0.25,0.25<CL<=0.5,125<MEMBRANE<=175,1000<EW<=1100,DISQUALIFIED,0.31523
50<TEMP<=60,PRESS=1,FR>24,AA>25,85<IR<100,RU FREE,0<O<=15,ICA>1.5,60<PT<100,1<ICC<=2,AL<=0.25,0.25<CL<=0.5,125<MEMBRANE<=175,1000<EW<=1100,DISQUALIFIED,0.30516
50<TEMP<=60,PRESS=1,FR>24,AA>25,85<IR<100,RU FREE,0<O<=15,ICA>1.5,60<PT<100,1<ICC<=2,AL<=0.25,0.25<CL<=0.5,125<MEMBRANE<=175,1000<EW<=1100,DISQUALIFIED,0.31168
50<TEMP<=60,PRESS=1,FR>24,AA>25,85<IR<100,RU FREE,0<O<=15,ICA>1.5,40<PT<=60,1<ICC<=2,AL<=0.25,0.25<CL<=0.5,125<MEMBRANE<=175,1000<EW<=1100,DISQUALIFIED,0.29865
50<TEMP<=60,PRESS=1,FR>24,AA>25,85<IR<100,RU FREE,0<O<=15,ICA>1.5,40<PT<=60,1<ICC<=2,AL<=0.25,0.25<CL<=0.5,125<MEMBRANE<=175,1000<EW<=1100,DISQUALIFIED,0.29213
50<TEMP<=60,PRESS=1,FR>24,AA>25,85<IR<100,RU FREE,0<O<=15,0.75<ICA<1.5,60<PT<100,1<ICC<=2,AL<=0.25,0.25<CL<=0.5,125<MEMBRANE<=175,1000<EW<=1100,DISQUALIFIED,0.40516
50<TEMP<=60,PRESS=1,FR>24,AA>25,85<IR<100,RU FREE,0<O<=15,ICA>1.5,60<PT<100,1<ICC<=2,AL<=0.25,0.25<CL<=0.5,125<MEMBRANE<=175,1000<EW<=1100,DISQUALIFIED,0.37693
50<TEMP<=60,PRESS=1,FR>24,AA>25,85<IR<100,RU FREE,0<O<=15,ICA>1.5,60<PT<100,1<ICC<=2,AL<=0.25,0.25<CL<=0.5,125<MEMBRANE<=175,1000<EW<=1100,DISQUALIFIED,0.34054
50<TEMP<=60,PRESS=1,FR>24,AA>25,85<IR<100,RU FREE,0<O<=15,ICA>1.5,60<PT<100,1<ICC<=2,AL<=0.25,0.25<CL<=0.5,125<MEMBRANE<=175,1000<EW<=1100,DISQUALIFIED,0.32494
50<TEMP<=60,PRESS=1,FR>24,AA>25,85<IR<100,RU FREE,0<O<=15,ICA>1.5,60<PT<100,1<ICC<=2,AL<=0.25,0.25<CL<=0.5,125<MEMBRANE<=175,1000<EW<=1100,DISQUALIFIED,0.28409
50<TEMP<=60,PRESS=1,FR>24,AA>25,85<IR<100,RU FREE,0<O<=15,ICA>1.5,60<PT<100,1<ICC<=2,AL<=0.25,0.25<CL<=0.5,125<MEMBRANE<=175,1000<EW<=1100,DISQUALIFIED,0.33125
50<TEMP<=60,PRESS=1,FR>24,AA>25,85<IR<100,RU FREE,0<O<=15,ICA>1.5,60<PT<100,1<ICC<=2,AL<=0.25,0.25<CL<=0.5,125<MEMBRANE<=175,1000<EW<=1100,DISQUALIFIED,0.26596
50<TEMP<=60,PRESS=1,FR>24,AA>25,85<IR<100,RU FREE,0<O<=15,ICA>1.5,60<PT<100,1<ICC<=2,AL<=0.25,0.25<CL<=0.5,125<MEMBRANE<=175,1000<EW<=1100,DISQUALIFIED,0.28756
50<TEMP<=60,PRESS=1,FR>24,AA>25,85<IR<100,RU FREE,0<O<=15,ICA>1.5,60<PT<100,1<ICC<=2,AL<=0.25,0.25<CL<=0.5,125<MEMBRANE<=175,1000<EW<=1100,DISQUALIFIED,0.3423
50<TEMP<=60,PRESS=1,FR>24,AA>25,85<IR<100,RU FREE,0<O<=15,ICA>1.5,60<PT<100,1<ICC<=2,AL<=0.25,0.25<CL<=0.5,125<MEMBRANE<=175,1000<EW<=1100,DISQUALIFIED,0.28203
70<TEMP<=80,PRESS=1,FR>24,5<AA<=25,85<IR<100,RU FREE,0<O<=15,0<ICA<=0.1,40<PT<=60,0<ICC<=0.3,AL<=0.25,0<CL<=0.25,125<MEMBRANE<=175,1000<EW<=1100,DISQUALIFIED,0.57341
70<TEMP<=80,PRESS=1,FR>24,5<AA<=25,85<IR<100,RU FREE,0<O<=15,0<ICA<=0.1,40<PT<=60,0<ICC<=0.3,AL<=0.25,0<CL<=0.25,125<MEMBRANE<=175,1000<EW<=1100,DISQUALIFIED,0.64958
70<TEMP<=80,PRESS=1,FR>24,5<AA<=25,85<IR<100,RU FREE,0<O<=15,0.1<ICA<=0.2,40<PT<=60,0<ICC<=0.3,AL<=0.25,0<CL<=0.25,125<MEMBRANE<=175,1000<EW<=1100,DISQUALIFIED,0.7371
70<TEMP<=80,PRESS=1,FR>24,5<AA<=25,85<IR<100,RU FREE,0<O<=15,0.2<ICA<=0.3,40<PT<=60,0<ICC<=0.3,AL<=0.25,0<CL<=0.25,125<MEMBRANE<=175,1000<EW<=1100,DISQUALIFIED,0.69701
70<TEMP<=80,PRESS=1,FR>24,5<AA<=25,85<IR<100,RU FREE,0<O<=15,0.2<ICA<=0.3,40<PT<=60,0<ICC<=0.3,AL<=0.25,0<CL<=0.25,125<MEMBRANE<=175,1000<EW<=1100,DISQUALIFIED,0.70036
70<TEMP<=80,PRESS=1,FR>24,5<AA<=25,85<IR<100,RU FREE,0<O<=15,0.5<ICA<=0.75,40<PT<=60,0<ICC<=0.3,AL<=0.25,0<CL<=0.25,125<MEMBRANE<=175,1000<EW<=1100,DISQUALIFIED,0.31886
70<TEMP<=80,PRESS=1,FR>24,5<AA<=25,85<IR<100,RU FREE,0<O<=15,0.75<ICA<1.5,40<PT<=60,0<ICC<=0.3,AL<=0.25,0<CL<=0.25,125<MEMBRANE<=175,1000<EW<=1100,DISQUALIFIED,0.16586
70<TEMP<=80,PRESS>3,3<FR<=6,AA<=5,50<IR<=75,RU FREE,15<O<=25,0.2<ICA<=0.3,40<PT<=60,0<ICC<=0.3,AL>1.5,0<CL<=0.25,25<MEMBRANE<=50,1000<EW<=1100,DISQUALIFIED,1.11202
70<TEMP<=80,PRESS>3,3<FR<=6,AA<=5,50<IR<=75,RU FREE,15<O<=25,0.2<ICA<=0.3,40<PT<=60,0<ICC<=0.3,AL>1.5,0<CL<=0.25,25<MEMBRANE<=50,1000<EW<=1100,DISQUALIFIED,1.00769
70<TEMP<=80,PRESS>3,3<FR<=6,AA<=5,50<IR<=75,RU FREE,15<O<=25,0.2<ICA<=0.3,40<PT<=60,0<ICC<=0.3,AL>1.5,0<CL<=0.25,25<MEMBRANE<=50,1000<EW<=1100,DISQUALIFIED,0.87165
70<TEMP<=80,PRESS>3,3<FR<=6,AA<=5,50<IR<=75,RU FREE,15<O<=25,0.2<ICA<=0.3,40<PT<=60,0<ICC<=0.3,AL>1.5,0<CL<=0.25,25<MEMBRANE<=50,1000<EW<=1100,QUALIFIED,1.37656
70<TEMP<=80,PRESS>3,3<FR<=6,AA<=5,50<IR<=75,RU FREE,15<O<=25,0.2<ICA<=0.3,40<PT<=60,0<ICC<=0.3,AL>1.5,0<CL<=0.25,25<MEMBRANE<=50,1000<EW<=1100,QUALIFIED,1.49383
TEMP<=30,PRESS=1,6<FR<=24,AA<=5,85<IR<100,RU FREE,0<O<=15,0.1<ICA<=0.2,40<PT<=60,0.3<ICC<=0.4,AL>1.5,0.25<CL<=0.5,50<MEMBRANE<=125,1000<EW<=1100,DISQUALIFIED,0.04403
TEMP<=30,PRESS=1,6<FR<=24,AA<=5,50<IR<=75,0<RU<=25,15<O<=25,0.1<ICA<=0.2,40<PT<=60,0.3<ICC<=0.4,AL>1.5,0.25<CL<=0.5,50<MEMBRANE<=125,1000<EW<=1100,DISQUALIFIED,0.07857
TEMP<=30,PRESS=1,6<FR<=24,AA<=5,50<IR<=75,0<RU<=25,15<O<=25,0.1<ICA<=0.2,40<PT<=60,0.3<ICC<=0.4,AL>1.5,0.25<CL<=0.5,50<MEMBRANE<=125,1000<EW<=1100,DISQUALIFIED,0.10289
80<TEMP<=90,2<PRESS<=3,FR>24,AA<=5,85<IR<100,RU FREE,0<O<=15,0.1<ICA<=0.2,PURE PT,0<ICC<=0.3,0.75<AL<=1,0.25<CL<=0.5,125<MEMBRANE<=175,1000<EW<=1100,DISQUALIFIED,0.16624
TEMP>100,2<PRESS<=3,FR>24,AA<=5,85<IR<100,RU FREE,0<O<=15,0.1<ICA<=0.2,PURE PT,0<ICC<=0.3,0.75<AL<=1,0.25<CL<=0.5,125<MEMBRANE<=175,1000<EW<=1100,DISQUALIFIED,0.20227
TEMP>100,2<PRESS<=3,FR>24,AA<=5,85<IR<100,RU FREE,0<O<=15,0.1<ICA<=0.2,PURE PT,0<ICC<=0.3,0.75<AL<=1,0.25<CL<=0.5,125<MEMBRANE<=175,1000<EW<=1100,DISQUALIFIED,0.22452
TEMP>100,2<PRESS<=3,FR>24,AA<=5,85<IR<100,RU FREE,0<O<=15,0.1<ICA<=0.2,PURE PT,0<ICC<=0.3,0.75<AL<=1,0.25<CL<=0.5,125<MEMBRANE<=175,1000<EW<=1100,DISQUALIFIED,0.26093
80<TEMP<=90,2<PRESS<=3,FR>24,AA<=5,50<IR<=75,RU FREE,15<O<=25,0.1<ICA<=0.2,PURE PT,0<ICC<=0.3,0.25<AL<=0.5,0.25<CL<=0.5,125<MEMBRANE<=175,1000<EW<=1100,DISQUALIFIED,0.3274
TEMP>100,2<PRESS<=3,FR>24,AA<=5,50<IR<=75,RU FREE,15<O<=25,0.1<ICA<=0.2,PURE PT,0<ICC<=0.3,0.25<AL<=0.5,0.25<CL<=0.5,125<MEMBRANE<=175,1000<EW<=1100,DISQUALIFIED,0.49378
TEMP>100,2<PRESS<=3,FR>24,AA<=5,50<IR<=75,RU FREE,15<O<=25,0.1<ICA<=0.2,PURE PT,0<ICC<=0.3,0.25<AL<=0.5,0.25<CL<=0.5,125<MEMBRANE<=175,1000<EW<=1100,DISQUALIFIED,0.68425
TEMP>100,2<PRESS<=3,FR>24,AA<=5,50<IR<=75,RU FREE,15<O<=25,0.1<ICA<=0.2,PURE PT,0<ICC<=0.3,0.25<AL<=0.5,0.25<CL<=0.5,125<MEMBRANE<=175,1000<EW<=1100,DISQUALIFIED,0.67681
70<TEMP<=80,PRESS=1,FR>24,AA<=5,IR FREE,50<RU<=75,15<O<=25,0.3<ICA<=0.4,20<PT<=40,0.3<ICC<=0.4,AL>1.5,CL>0.5,50<MEMBRANE<=125,1000<EW<=1100,DISQUALIFIED,0.93019
70<TEMP<=80,PRESS=1,FR>24,AA<=5,IR FREE,50<RU<=75,15<O<=25,0.3<ICA<=0.4,20<PT<=40,0.3<ICC<=0.4,AL>1.5,CL>0.5,50<MEMBRANE<=125,1000<EW<=1100,DISQUALIFIED,0.60898
70<TEMP<=80,PRESS=1,FR>24,AA>25,50<IR<=75,RU FREE,15<O<=25,0.5<ICA<=0.75,40<PT<=60,1<ICC<=2,1<AL<=1.5,0.25<CL<=0.5,50<MEMBRANE<=125,1000<EW<=1100,DISQUALIFIED,0.50912
70<TEMP<=80,PRESS=1,FR>24,AA>25,50<IR<=75,RU FREE,15<O<=25,0.5<ICA<=0.75,40<PT<=60,1<ICC<=2,1<AL<=1.5,0.25<CL<=0.5,50<MEMBRANE<=125,1000<EW<=1100,DISQUALIFIED,0.41013
70<TEMP<=80,PRESS=1,FR>24,AA>25,25<IR<=50,RU FREE,O>25,0.5<ICA<=0.75,60<PT<100,1<ICC<=2,0.5<AL<=0.75,0.25<CL<=0.5,50<MEMBRANE<=125,1000<EW<=1100,DISQUALIFIED,0.88058
70<TEMP<=80,PRESS=1,FR>24,AA>25,IR<=25,RU FREE,O>25,0.5<ICA<=0.75,60<PT<100,1<ICC<=2,0.25<AL<=0.5,0.25<CL<=0.5,50<MEMBRANE<=125,1000<EW<=1100,DISQUALIFIED,0.66489
70<TEMP<=80,PRESS=1,FR>24,AA>25,PURE IR,RU FREE,O FREE,0.4<ICA<=0.5,60<PT<100,1<ICC<=2,AL>1.5,0.25<CL<=0.5,50<MEMBRANE<=125,1000<EW<=1100,DISQUALIFIED,0.73887
