Operating Temperature (¡æ),Operating Pressure (bar),Flow Rate (mL min-1),Active Area (cm2),Ir wt. %,Ru wt.%,O wt. %,I/C in Anode,Pt wt. %,I/C in Cathode,Anode Precious Metal Loading (mg cm-2 Ir/Ru/Pt/Pd),Cathode Precious Metal Loading (mg cm-2 Pt/Pd),Membrane Thickness (¦Ìm),EW,QUALIFIED,Current at 2.0 V
70<TEMP<=80,PRESS=1,FR>24,AA<=5,85<IR<100,RU FREE,0<O<=25,0.2<ICA<=0.3,40<PT<=60,0.7<ICC<=1,1<AL<=1.5,0.25<CL<=0.5,50<MEMBRANE<=125,1000<EW<=1100,QUALIFIED,2.48969
70<TEMP<=80,PRESS=1,FR>24,AA<=5,85<IR<100,RU FREE,0<O<=15,0.2<ICA<=0.3,40<PT<=60,0.7<ICC<=1,1<AL<=1.5,0.25<CL<=0.5,50<MEMBRANE<=125,1000<EW<=1100,QUALIFIED,2.25883
70<TEMP<=80,PRESS=1,FR>24,AA<=5,85<IR<100,RU FREE,0<O<=15,0<ICA<=0.1,40<PT<=60,0<ICC<=0.3,1<AL<=1.5,0.25<CL<=0.5,50<MEMBRANE<=125,EW<=900,QUALIFIED,6.5266
70<TEMP<=80,PRESS=1,FR>24,AA<=5,85<IR<100,RU FREE,0<O<=15,0<ICA<=0.1,40<PT<=60,0<ICC<=0.3,1<AL<=1.5,0.25<CL<=0.5,50<MEMBRANE<=125,EW<=900,QUALIFIED,3.25241
70<TEMP<=80,PRESS=1,FR>24,AA>25,PURE IR,RU FREE,O FREE,ICA=0,PURE PT,ICC=0,0.25<AL<=0.5,0<CL<=0.25,50<MEMBRANE<=125,1000<EW<=1100,QUALIFIED,3.45586
70<TEMP<=80,PRESS=1,FR>24,AA>25,PURE IR,RU FREE,O FREE,ICA=0,PURE PT,ICC=0,0.25<AL<=0.5,0<CL<=0.25,50<MEMBRANE<=125,1000<EW<=1100,QUALIFIED,3.44546
70<TEMP<=80,PRESS=1,FR>24,AA>25,PURE IR,RU FREE,O FREE,ICA=0,PURE PT,ICC=0,0.25<AL<=0.5,0<CL<=0.25,50<MEMBRANE<=125,1000<EW<=1100,QUALIFIED,4.43552
70<TEMP<=80,PRESS=1,FR>24,AA>25,PURE IR,RU FREE,O FREE,ICA=0,PURE PT,ICC=0,0.25<AL<=0.5,0<CL<=0.25,50<MEMBRANE<=125,1000<EW<=1100,QUALIFIED,2.52998
70<TEMP<=80,PRESS=1,FR>24,AA>25,PURE IR,RU FREE,O FREE,ICA=0,PURE PT,ICC=0,0.25<AL<=0.5,0<CL<=0.25,50<MEMBRANE<=125,1000<EW<=1100,QUALIFIED,5.76068
70<TEMP<=80,PRESS=1,FR>24,AA>25,PURE IR,RU FREE,O FREE,ICA=0,PURE PT,ICC=0,0.25<AL<=0.5,0<CL<=0.25,50<MEMBRANE<=125,1000<EW<=1100,QUALIFIED,5.27783
70<TEMP<=80,1<PRESS<=2,3<FR<=6,AA>25,85<IR<100,RU FREE,0<O<=15,0.2<ICA<=0.3,PURE PT,0<ICC<=0.3,1<AL<=1.5,0.25<CL<=0.5,125<MEMBRANE<=175,1000<EW<=1100,DISQUALIFIED,1.13916
70<TEMP<=80,PRESS=1,FR<=3,AA<=5,PURE IR,RU FREE,O FREE,0.3<ICA<=0.4,40<PT<=60,0.5<ICC<=0.7,0.75<AL<=1,0<CL<=0.25,25<MEMBRANE<=50,1000<EW<=1100,DISQUALIFIED,1.30494
70<TEMP<=80,PRESS=1,FR<=3,AA<=5,25<IR<=50,RU FREE,O FREE,0.2<ICA<=0.3,40<PT<=60,0.5<ICC<=0.7,0.25<AL<=0.5,0<CL<=0.25,25<MEMBRANE<=50,1000<EW<=1100,DISQUALIFIED,1.65573
70<TEMP<=80,PRESS=1,FR<=3,AA<=5,25<IR<=50,RU FREE,O FREE,0.2<ICA<=0.3,40<PT<=60,0.5<ICC<=0.7,0.25<AL<=0.5,0<CL<=0.25,25<MEMBRANE<=50,1000<EW<=1100,QUALIFIED,2.29079
70<TEMP<=80,PRESS=1,FR<=3,AA<=5,PURE IR,RU FREE,O FREE,0.2<ICA<=0.3,40<PT<=60,0.4<ICC<=0.5,0.75<AL<=1,0<CL<=0.25,25<MEMBRANE<=50,1000<EW<=1100,QUALIFIED,2.09787
70<TEMP<=80,PRESS=1,FR<=3,AA<=5,25<IR<=50,RU FREE,0<O<=15,0.2<ICA<=0.3,40<PT<=60,0.5<ICC<=0.7,0.25<AL<=0.5,0<CL<=0.25,25<MEMBRANE<=50,1000<EW<=1100,QUALIFIED,2.35287
70<TEMP<=80,PRESS=1,FR>24,5<AA<=25,85<IR<100,RU FREE,0<O<=15,0.75<ICA<1.5,PURE PT,0.7<ICC<=1,0.25<AL<=0.5,CL>0.5,MEMBRANE>175,1000<EW<=1100,DISQUALIFIED,1.45026717
70<TEMP<=80,PRESS=1,FR>24,AA>25,PURE IR,RU FREE,O FREE,ICA=0,PURE PT,ICC=0,AL<=0.25,0<CL<=0.25,25<MEMBRANE<=50,EW<=900,QUALIFIED,8.11041
70<TEMP<=80,PRESS=1,FR>24,AA>25,PURE IR,RU FREE,O FREE,ICA=0,PURE PT,ICC=0,AL<=0.25,0<CL<=0.25,25<MEMBRANE<=50,EW<=900,QUALIFIED,7.73737
80<TEMP<=90,PRESS=1,FR>24,AA>25,PURE IR,RU FREE,O FREE,ICA=0,PURE PT,ICC=0,AL<=0.25,0<CL<=0.25,25<MEMBRANE<=50,EW<=900,QUALIFIED,9.12412
90<TEMP<=100,PRESS=1,FR>24,AA>25,PURE IR,RU FREE,O FREE,ICA=0,PURE PT,ICC=0,AL<=0.25,0<CL<=0.25,25<MEMBRANE<=50,EW<=900,QUALIFIED,9.12412
90<TEMP<=100,PRESS=1,FR>24,AA>25,PURE IR,RU FREE,O FREE,ICA=0,PURE PT,ICC=0,AL<=0.25,0<CL<=0.25,25<MEMBRANE<=50,EW<=900,DISQUALIFIED,0.66088
90<TEMP<=100,PRESS=1,FR>24,AA>25,PURE IR,RU FREE,O FREE,ICA=0,PURE PT,ICC=0,AL<=0.25,0<CL<=0.25,25<MEMBRANE<=50,EW<=900,DISQUALIFIED,0.8509
90<TEMP<=100,PRESS=1,FR>24,AA>25,PURE IR,RU FREE,O FREE,ICA=0,PURE PT,ICC=0,AL<=0.25,0<CL<=0.25,25<MEMBRANE<=50,EW<=900,QUALIFIED,7.12536
90<TEMP<=100,PRESS=1,FR>24,AA>25,PURE IR,RU FREE,O FREE,ICA=0,PURE PT,ICC=0,AL<=0.25,0<CL<=0.25,25<MEMBRANE<=50,EW<=900,QUALIFIED,8.6742
90<TEMP<=100,PRESS=1,FR>24,AA>25,PURE IR,RU FREE,O FREE,ICA=0,PURE PT,ICC=0,0.25<AL<=0.5,0<CL<=0.25,25<MEMBRANE<=50,EW<=900,QUALIFIED,8.62794
90<TEMP<=100,PRESS=1,FR>24,AA>25,PURE IR,RU FREE,O FREE,ICA=0,PURE PT,ICC=0,0.25<AL<=0.5,0<CL<=0.25,25<MEMBRANE<=50,EW<=900,QUALIFIED,8.50576
90<TEMP<=100,PRESS=1,FR>24,AA>25,PURE IR,RU FREE,O FREE,ICA=0,PURE PT,ICC=0,0.75<AL<=1,0<CL<=0.25,25<MEMBRANE<=50,EW<=900,QUALIFIED,8.60129
TEMP<=30,PRESS=1,6<FR<=24,AA<=5,50<IR<=75,0<RU<=25,0<O<=15,0.2<ICA<=0.3,PURE PT,0.4<ICC<=0.5,AL>1.5,CL>0.5,50<MEMBRANE<=125,1000<EW<=1100,DISQUALIFIED,1.5633
30<TEMP<=40,PRESS=1,6<FR<=24,AA<=5,50<IR<=75,0<RU<=25,0<O<=15,0.2<ICA<=0.3,PURE PT,0<ICC<=0.3,AL>1.5,CL>0.5,50<MEMBRANE<=125,1000<EW<=1100,QUALIFIED,2.19523
50<TEMP<=60,PRESS=1,6<FR<=24,AA<=5,50<IR<=75,0<RU<=25,0<O<=15,0.2<ICA<=0.3,PURE PT,0.3<ICC<=0.4,AL>1.5,CL>0.5,50<MEMBRANE<=125,1000<EW<=1100,QUALIFIED,2.75282
70<TEMP<=80,PRESS=1,6<FR<=24,AA<=5,50<IR<=75,0<RU<=25,0<O<=15,0.1<ICA<=0.2,PURE PT,0<ICC<=0.3,AL>1.5,CL>0.5,50<MEMBRANE<=125,1000<EW<=1100,QUALIFIED,4.40461
30<TEMP<=40,1<PRESS<=2,FR>24,5<AA<=25,PURE IR,RU FREE,O FREE,ICA=0,PURE PT,ICC>2,0.5<AL<=0.75,0.25<CL<=0.5,125<MEMBRANE<=175,1000<EW<=1100,DISQUALIFIED,0.275544107
40<TEMP<=50,1<PRESS<=2,FR>24,5<AA<=25,PURE IR,RU FREE,O FREE,ICA=0,PURE PT,ICC>2,0.5<AL<=0.75,0.25<CL<=0.5,125<MEMBRANE<=175,1000<EW<=1100,DISQUALIFIED,0.308503607
50<TEMP<=60,1<PRESS<=2,FR>24,5<AA<=25,PURE IR,RU FREE,O FREE,ICA=0,PURE PT,ICC>2,0.5<AL<=0.75,0.25<CL<=0.5,125<MEMBRANE<=175,1000<EW<=1100,DISQUALIFIED,0.510260423
30<TEMP<=40,1<PRESS<=2,FR>24,5<AA<=25,PURE IR,RU FREE,O FREE,0.75<ICA<1.5,PURE PT,ICC>2,0.5<AL<=0.75,0.25<CL<=0.5,125<MEMBRANE<=175,1000<EW<=1100,DISQUALIFIED,0.527991907
40<TEMP<=50,1<PRESS<=2,FR>24,5<AA<=25,PURE IR,RU FREE,O FREE,0.75<ICA<1.5,PURE PT,ICC>2,0.5<AL<=0.75,0.25<CL<=0.5,125<MEMBRANE<=175,1000<EW<=1100,DISQUALIFIED,0.584585897
50<TEMP<=60,1<PRESS<=2,FR>24,5<AA<=25,PURE IR,RU FREE,O FREE,0.75<ICA<1.5,PURE PT,ICC>2,0.5<AL<=0.75,0.25<CL<=0.5,125<MEMBRANE<=175,1000<EW<=1100,DISQUALIFIED,0.694591387
30<TEMP<=40,1<PRESS<=2,FR>24,5<AA<=25,PURE IR,RU FREE,O FREE,ICA>1.5,PURE PT,ICC>2,0.5<AL<=0.75,0.25<CL<=0.5,125<MEMBRANE<=175,1000<EW<=1100,DISQUALIFIED,1.356634723
40<TEMP<=50,1<PRESS<=2,FR>24,5<AA<=25,PURE IR,RU FREE,O FREE,ICA>1.5,PURE PT,ICC>2,0.5<AL<=0.75,0.25<CL<=0.5,125<MEMBRANE<=175,1000<EW<=1100,DISQUALIFIED,1.63709928
50<TEMP<=60,1<PRESS<=2,FR>24,5<AA<=25,PURE IR,RU FREE,O FREE,ICA>1.5,PURE PT,ICC>2,0.5<AL<=0.75,0.25<CL<=0.5,125<MEMBRANE<=175,1000<EW<=1100,DISQUALIFIED,1.827698393
30<TEMP<=40,1<PRESS<=2,FR>24,5<AA<=25,PURE IR,RU FREE,O FREE,ICA>1.5,PURE PT,ICC>2,0.5<AL<=0.75,0.25<CL<=0.5,125<MEMBRANE<=175,1000<EW<=1100,DISQUALIFIED,1.157865157
40<TEMP<=50,1<PRESS<=2,FR>24,5<AA<=25,PURE IR,RU FREE,O FREE,ICA>1.5,PURE PT,ICC>2,0.5<AL<=0.75,0.25<CL<=0.5,125<MEMBRANE<=175,1000<EW<=1100,DISQUALIFIED,1.2573874
50<TEMP<=60,1<PRESS<=2,FR>24,5<AA<=25,PURE IR,RU FREE,O FREE,ICA>1.5,PURE PT,ICC>2,0.5<AL<=0.75,0.25<CL<=0.5,125<MEMBRANE<=175,1000<EW<=1100,DISQUALIFIED,1.491552293
70<TEMP<=80,PRESS=1,FR>24,AA>25,85<IR<100,RU FREE,0<O<=15,ICA>1.5,0<PT<=20,ICC>2,AL<=0.25,CL>0.5,125<MEMBRANE<=175,1000<EW<=1100,DISQUALIFIED,0.96801369
70<TEMP<=80,PRESS=1,FR>24,5<AA<=25,85<IR<100,RU FREE,0<O<=15,ICA>1.5,0<PT<=20,1<ICC<=2,AL<=0.25,CL>0.5,125<MEMBRANE<=175,1000<EW<=1100,DISQUALIFIED,1.08207369
70<TEMP<=80,PRESS=1,FR>24,5<AA<=25,85<IR<100,RU FREE,0<O<=15,ICA>1.5,0<PT<=20,1<ICC<=2,AL<=0.25,CL>0.5,125<MEMBRANE<=175,1000<EW<=1100,DISQUALIFIED,1.05949211
70<TEMP<=80,PRESS=1,FR>24,AA>25,85<IR<100,RU FREE,0<O<=15,0.75<ICA<1.5,0<PT<=20,ICC>2,0.25<AL<=0.5,CL>0.5,125<MEMBRANE<=175,1000<EW<=1100,DISQUALIFIED,1.05672706
70<TEMP<=80,PRESS=1,FR>24,AA<=5,85<IR<100,RU FREE,0<O<=15,0.3<ICA<=0.4,20<PT<=40,0.3<ICC<=0.4,0.25<AL<=0.5,0.25<CL<=0.5,25<MEMBRANE<=50,1000<EW<=1100,QUALIFIED,2.30184
70<TEMP<=80,PRESS=1,FR>24,AA<=5,85<IR<100,RU FREE,0<O<=15,0.3<ICA<=0.4,20<PT<=40,0.3<ICC<=0.4,0.75<AL<=1,0.25<CL<=0.5,25<MEMBRANE<=50,1000<EW<=1100,QUALIFIED,3.11051
70<TEMP<=80,PRESS=1,FR>24,AA<=5,85<IR<100,RU FREE,0<O<=15,0.3<ICA<=0.4,20<PT<=40,0.3<ICC<=0.4,1<AL<=1.5,0.25<CL<=0.5,25<MEMBRANE<=50,1000<EW<=1100,QUALIFIED,3.80603
70<TEMP<=80,PRESS=1,FR>24,AA<=5,85<IR<100,RU FREE,0<O<=15,0.3<ICA<=0.4,20<PT<=40,0.3<ICC<=0.4,AL>1.5,0.25<CL<=0.5,25<MEMBRANE<=50,1000<EW<=1100,QUALIFIED,4.50971
70<TEMP<=80,PRESS=1,FR>24,AA<=5,85<IR<100,RU FREE,0<O<=15,0.3<ICA<=0.4,20<PT<=40,0.3<ICC<=0.4,AL>1.5,0.25<CL<=0.5,25<MEMBRANE<=50,1000<EW<=1100,QUALIFIED,5.07837
70<TEMP<=80,PRESS=1,FR>24,AA<=5,85<IR<100,RU FREE,0<O<=15,0.3<ICA<=0.4,20<PT<=40,0.3<ICC<=0.4,AL>1.5,0.25<CL<=0.5,25<MEMBRANE<=50,1000<EW<=1100,QUALIFIED,4.1206
70<TEMP<=80,PRESS=1,FR>24,AA<=5,85<IR<100,RU FREE,0<O<=15,0.3<ICA<=0.4,20<PT<=40,0.3<ICC<=0.4,AL>1.5,0<CL<=0.25,25<MEMBRANE<=50,1000<EW<=1100,QUALIFIED,3.40886
70<TEMP<=80,PRESS=1,FR>24,AA<=5,85<IR<100,RU FREE,0<O<=15,0.3<ICA<=0.4,20<PT<=40,0.3<ICC<=0.4,AL>1.5,0<CL<=0.25,25<MEMBRANE<=50,1000<EW<=1100,QUALIFIED,4.35993
70<TEMP<=80,PRESS=1,FR>24,AA<=5,85<IR<100,RU FREE,0<O<=15,0.3<ICA<=0.4,20<PT<=40,0.3<ICC<=0.4,AL>1.5,CL>0.5,25<MEMBRANE<=50,1000<EW<=1100,QUALIFIED,4.5222
70<TEMP<=80,PRESS=1,FR>24,AA<=5,85<IR<100,RU FREE,0<O<=15,0.3<ICA<=0.4,20<PT<=40,0.3<ICC<=0.4,AL>1.5,CL>0.5,25<MEMBRANE<=50,1000<EW<=1100,QUALIFIED,5.20367
TEMP<=30,PRESS=1,6<FR<=24,5<AA<=25,PURE IR,RU FREE,O FREE,0.4<ICA<=0.5,PURE PT,0.4<ICC<=0.5,0.75<AL<=1,CL>0.5,50<MEMBRANE<=125,1000<EW<=1100,DISQUALIFIED,1.00185969
TEMP<=30,PRESS=1,6<FR<=24,5<AA<=25,PURE IR,RU FREE,O FREE,0.4<ICA<=0.5,PURE PT,0.4<ICC<=0.5,1<AL<=1.5,CL>0.5,50<MEMBRANE<=125,1000<EW<=1100,DISQUALIFIED,1.05192835
TEMP<=30,PRESS=1,6<FR<=24,5<AA<=25,PURE IR,RU FREE,O FREE,0.4<ICA<=0.5,PURE PT,0.4<ICC<=0.5,AL>1.5,CL>0.5,50<MEMBRANE<=125,1000<EW<=1100,DISQUALIFIED,1.10424498
TEMP<=30,PRESS=1,6<FR<=24,5<AA<=25,PURE IR,RU FREE,O FREE,0.4<ICA<=0.5,PURE PT,0.4<ICC<=0.5,AL>1.5,CL>0.5,50<MEMBRANE<=125,1000<EW<=1100,DISQUALIFIED,1.0907571
TEMP<=30,PRESS=1,6<FR<=24,5<AA<=25,PURE IR,RU FREE,O FREE,0.4<ICA<=0.5,PURE PT,0.4<ICC<=0.5,AL>1.5,CL>0.5,50<MEMBRANE<=125,1000<EW<=1100,DISQUALIFIED,0.99184596
TEMP<=30,PRESS=1,6<FR<=24,5<AA<=25,PURE IR,RU FREE,O FREE,0.1<ICA<=0.2,PURE PT,0.4<ICC<=0.5,1<AL<=1.5,CL>0.5,50<MEMBRANE<=125,1000<EW<=1100,DISQUALIFIED,1.42939
TEMP<=30,PRESS=1,6<FR<=24,5<AA<=25,PURE IR,RU FREE,O FREE,0.2<ICA<=0.3,PURE PT,0.4<ICC<=0.5,1<AL<=1.5,CL>0.5,50<MEMBRANE<=125,1000<EW<=1100,DISQUALIFIED,1.42939
TEMP<=30,PRESS=1,6<FR<=24,5<AA<=25,PURE IR,RU FREE,O FREE,0.5<ICA<=0.75,PURE PT,0.4<ICC<=0.5,1<AL<=1.5,CL>0.5,50<MEMBRANE<=125,1000<EW<=1100,DISQUALIFIED,0.74643
TEMP<=30,PRESS=1,6<FR<=24,5<AA<=25,PURE IR,RU FREE,O FREE,0.4<ICA<=0.5,PURE PT,0.4<ICC<=0.5,1<AL<=1.5,CL>0.5,25<MEMBRANE<=50,1000<EW<=1100,DISQUALIFIED,1.44124
TEMP<=30,PRESS=1,6<FR<=24,5<AA<=25,PURE IR,RU FREE,O FREE,0.4<ICA<=0.5,PURE PT,0.4<ICC<=0.5,1<AL<=1.5,CL>0.5,50<MEMBRANE<=125,1000<EW<=1100,DISQUALIFIED,0.69267
40<TEMP<=50,PRESS=1,6<FR<=24,5<AA<=25,PURE IR,RU FREE,O FREE,0.5<ICA<=0.75,PURE PT,0.4<ICC<=0.5,1<AL<=1.5,CL>0.5,50<MEMBRANE<=125,1000<EW<=1100,DISQUALIFIED,1.82808
50<TEMP<=60,PRESS=1,6<FR<=24,5<AA<=25,PURE IR,RU FREE,O FREE,0.5<ICA<=0.75,PURE PT,0.4<ICC<=0.5,1<AL<=1.5,CL>0.5,50<MEMBRANE<=125,1000<EW<=1100,QUALIFIED,2.18379
70<TEMP<=80,PRESS=1,6<FR<=24,5<AA<=25,PURE IR,RU FREE,O FREE,0.5<ICA<=0.75,PURE PT,0.4<ICC<=0.5,1<AL<=1.5,CL>0.5,50<MEMBRANE<=125,1000<EW<=1100,QUALIFIED,2.53739
70<TEMP<=80,PRESS=1,6<FR<=24,5<AA<=25,PURE IR,RU FREE,O FREE,0.5<ICA<=0.75,PURE PT,0.4<ICC<=0.5,1<AL<=1.5,CL>0.5,50<MEMBRANE<=125,1000<EW<=1100,QUALIFIED,2.63429
TEMP<=30,PRESS=1,6<FR<=24,5<AA<=25,IR<=25,RU FREE,O FREE,0.4<ICA<=0.5,PURE PT,0.4<ICC<=0.5,AL<=0.25,CL>0.5,50<MEMBRANE<=125,1000<EW<=1100,DISQUALIFIED,1.99042
TEMP<=30,PRESS=1,6<FR<=24,5<AA<=25,PURE IR,RU FREE,O FREE,0.4<ICA<=0.5,PURE PT,0.4<ICC<=0.5,1<AL<=1.5,CL>0.5,50<MEMBRANE<=125,1000<EW<=1100,DISQUALIFIED,1.19797
TEMP<=30,PRESS=1,6<FR<=24,5<AA<=25,IR<=25,RU FREE,O FREE,0.4<ICA<=0.5,PURE PT,0.4<ICC<=0.5,AL<=0.25,CL>0.5,50<MEMBRANE<=125,1000<EW<=1100,DISQUALIFIED,1.40572
50<TEMP<=60,PRESS=1,FR<=3,5<AA<=25,85<IR<100,RU FREE,0<O<=15,0.3<ICA<=0.4,60<PT<100,0<ICC<=0.3,AL>1.5,CL>0.5,125<MEMBRANE<=175,1000<EW<=1100,DISQUALIFIED,1.92737
70<TEMP<=80,PRESS=1,FR<=3,5<AA<=25,85<IR<100,RU FREE,0<O<=15,0.3<ICA<=0.4,60<PT<100,0<ICC<=0.3,AL>1.5,CL>0.5,125<MEMBRANE<=175,1000<EW<=1100,QUALIFIED,2.45851
50<TEMP<=60,PRESS=1,FR<=3,5<AA<=25,85<IR<100,RU FREE,0<O<=15,0.4<ICA<=0.5,60<PT<100,0.3<ICC<=0.4,AL>1.5,CL>0.5,125<MEMBRANE<=175,1000<EW<=1100,DISQUALIFIED,1.76563
50<TEMP<=60,PRESS=1,FR<=3,5<AA<=25,85<IR<100,RU FREE,0<O<=15,0.4<ICA<=0.5,60<PT<100,0<ICC<=0.3,AL>1.5,CL>0.5,125<MEMBRANE<=175,1000<EW<=1100,DISQUALIFIED,1.81231
60<TEMP<=70,PRESS=1,FR<=3,5<AA<=25,85<IR<100,RU FREE,0<O<=15,0.4<ICA<=0.5,60<PT<100,0<ICC<=0.3,AL>1.5,CL>0.5,125<MEMBRANE<=175,1000<EW<=1100,DISQUALIFIED,1.86935
60<TEMP<=70,PRESS=1,FR<=3,5<AA<=25,85<IR<100,RU FREE,0<O<=15,0.4<ICA<=0.5,60<PT<100,0<ICC<=0.3,AL>1.5,CL>0.5,125<MEMBRANE<=175,1000<EW<=1100,DISQUALIFIED,1.897
70<TEMP<=80,PRESS=1,FR>24,AA<=5,85<IR<100,RU FREE,0<O<=15,0.5<ICA<=0.75,20<PT<=40,0.5<ICC<=0.7,1<AL<=1.5,0.25<CL<=0.5,50<MEMBRANE<=125,1000<EW<=1100,QUALIFIED,3.1789
70<TEMP<=80,PRESS=1,FR>24,AA<=5,85<IR<100,RU FREE,0<O<=15,0.5<ICA<=0.75,20<PT<=40,0.5<ICC<=0.7,AL<=0.25,0.25<CL<=0.5,50<MEMBRANE<=125,1000<EW<=1100,QUALIFIED,2.32179
70<TEMP<=80,PRESS=1,FR>24,AA<=5,85<IR<100,RU FREE,0<O<=15,0.5<ICA<=0.75,20<PT<=40,0.5<ICC<=0.7,AL<=0.25,0.25<CL<=0.5,50<MEMBRANE<=125,1000<EW<=1100,DISQUALIFIED,1.6033
70<TEMP<=80,PRESS=1,FR>24,5<AA<=25,85<IR<100,RU FREE,0<O<=15,0.3<ICA<=0.4,40<PT<=60,0<ICC<=0.3,AL>1.5,CL>0.5,125<MEMBRANE<=175,1000<EW<=1100,QUALIFIED,3.23087
70<TEMP<=80,PRESS=1,FR>24,5<AA<=25,85<IR<100,RU FREE,0<O<=15,0.2<ICA<=0.3,40<PT<=60,0<ICC<=0.3,AL>1.5,CL>0.5,125<MEMBRANE<=175,1000<EW<=1100,QUALIFIED,3.23087
70<TEMP<=80,PRESS=1,FR>24,5<AA<=25,85<IR<100,RU FREE,0<O<=15,0.2<ICA<=0.3,40<PT<=60,0<ICC<=0.3,AL>1.5,CL>0.5,125<MEMBRANE<=175,1000<EW<=1100,QUALIFIED,2.79298
70<TEMP<=80,PRESS=1,FR>24,5<AA<=25,85<IR<100,RU FREE,0<O<=15,0.3<ICA<=0.4,60<PT<100,0<ICC<=0.3,AL>1.5,CL>0.5,125<MEMBRANE<=175,1000<EW<=1100,QUALIFIED,2.51661
70<TEMP<=80,PRESS=1,FR>24,5<AA<=25,85<IR<100,RU FREE,0<O<=15,0.3<ICA<=0.4,40<PT<=60,0<ICC<=0.3,AL>1.5,CL>0.5,125<MEMBRANE<=175,1000<EW<=1100,QUALIFIED,2.44525
70<TEMP<=80,PRESS=1,FR>24,5<AA<=25,85<IR<100,RU FREE,0<O<=15,0.2<ICA<=0.3,40<PT<=60,0<ICC<=0.3,AL>1.5,CL>0.5,125<MEMBRANE<=175,1000<EW<=1100,QUALIFIED,2.3194
70<TEMP<=80,PRESS=1,FR>24,5<AA<=25,85<IR<100,RU FREE,0<O<=15,0.2<ICA<=0.3,60<PT<100,0<ICC<=0.3,AL>1.5,CL>0.5,125<MEMBRANE<=175,1000<EW<=1100,QUALIFIED,2.10986
TEMP<=30,PRESS=1,FR>24,AA<=5,25<IR<=50,25<RU<=50,0<O<=15,0.5<ICA<=0.75,0<PT<=20,0.7<ICC<=1,AL>1.5,0.25<CL<=0.5,50<MEMBRANE<=125,1000<EW<=1100,DISQUALIFIED,0.05694611
TEMP<=30,PRESS=1,FR>24,AA<=5,50<IR<=75,0<RU<=25,0<O<=15,0.5<ICA<=0.75,0<PT<=20,0.7<ICC<=1,AL>1.5,0.25<CL<=0.5,50<MEMBRANE<=125,1000<EW<=1100,DISQUALIFIED,0.04051375
70<TEMP<=80,PRESS=1,6<FR<=24,AA<=5,85<IR<100,RU FREE,0<O<=15,0<ICA<=0.1,40<PT<=60,0.4<ICC<=0.5,1<AL<=1.5,0<CL<=0.25,MEMBRANE<=25,1000<EW<=1100,QUALIFIED,5.12237
70<TEMP<=80,PRESS=1,6<FR<=24,AA<=5,85<IR<100,RU FREE,0<O<=15,0<ICA<=0.1,40<PT<=60,0.4<ICC<=0.5,1<AL<=1.5,0<CL<=0.25,MEMBRANE<=25,1000<EW<=1100,QUALIFIED,5.12237
80<TEMP<=90,PRESS=1,FR>24,5<AA<=25,85<IR<100,RU FREE,0<O<=15,0<ICA<=0.1,20<PT<=40,ICC>2,AL>1.5,CL>0.5,50<MEMBRANE<=125,1000<EW<=1100,DISQUALIFIED,1.76903
80<TEMP<=90,PRESS=1,FR>24,5<AA<=25,85<IR<100,RU FREE,0<O<=15,0<ICA<=0.1,20<PT<=40,ICC>2,AL>1.5,CL>0.5,50<MEMBRANE<=125,1000<EW<=1100,DISQUALIFIED,1.74156
80<TEMP<=90,PRESS=1,FR>24,5<AA<=25,85<IR<100,RU FREE,0<O<=15,0<ICA<=0.1,20<PT<=40,ICC>2,AL>1.5,CL>0.5,50<MEMBRANE<=125,1000<EW<=1100,DISQUALIFIED,1.88667
80<TEMP<=90,PRESS=1,FR>24,5<AA<=25,85<IR<100,RU FREE,0<O<=15,0<ICA<=0.1,20<PT<=40,ICC>2,AL>1.5,CL>0.5,50<MEMBRANE<=125,1000<EW<=1100,DISQUALIFIED,1.74835
80<TEMP<=90,PRESS=1,FR>24,5<AA<=25,85<IR<100,RU FREE,0<O<=15,0<ICA<=0.1,20<PT<=40,ICC>2,AL>1.5,CL>0.5,50<MEMBRANE<=125,1000<EW<=1100,DISQUALIFIED,1.40892
80<TEMP<=90,PRESS=1,6<FR<=24,5<AA<=25,85<IR<100,RU FREE,0<O<=15,0<ICA<=0.1,0<PT<=20,0<ICC<=0.3,AL>1.5,0.25<CL<=0.5,50<MEMBRANE<=125,1000<EW<=1100,DISQUALIFIED,1.95575
50<TEMP<=60,PRESS=1,FR>24,AA>25,PURE IR,RU FREE,O FREE,0.5<ICA<=0.75,PURE PT,ICC>2,0.75<AL<=1,CL>0.5,50<MEMBRANE<=125,1000<EW<=1100,QUALIFIED,2.13266
50<TEMP<=60,PRESS=1,FR>24,AA>25,PURE IR,RU FREE,O FREE,0.5<ICA<=0.75,PURE PT,ICC>2,0.75<AL<=1,CL>0.5,50<MEMBRANE<=125,1000<EW<=1100,DISQUALIFIED,1.99302
50<TEMP<=60,PRESS=1,FR>24,AA>25,PURE IR,RU FREE,O FREE,0.4<ICA<=0.5,PURE PT,ICC>2,0.75<AL<=1,CL>0.5,50<MEMBRANE<=125,1000<EW<=1100,QUALIFIED,2.12659
70<TEMP<=80,PRESS=1,FR<=3,AA<=5,50<IR<=75,0<RU<=25,0<O<=15,0.1<ICA<=0.2,20<PT<=40,0.3<ICC<=0.4,0.25<AL<=0.5,0<CL<=0.25,50<MEMBRANE<=125,900<EW<=1000,QUALIFIED,4.41218
70<TEMP<=80,PRESS=1,FR<=3,AA<=5,50<IR<=75,0<RU<=25,0<O<=15,0.1<ICA<=0.2,20<PT<=40,0.3<ICC<=0.4,0.25<AL<=0.5,0<CL<=0.25,50<MEMBRANE<=125,900<EW<=1000,QUALIFIED,4.16943
70<TEMP<=80,PRESS=1,FR<=3,AA<=5,50<IR<=75,0<RU<=25,0<O<=15,0.1<ICA<=0.2,20<PT<=40,0.3<ICC<=0.4,1<AL<=1.5,0.25<CL<=0.5,50<MEMBRANE<=125,900<EW<=1000,QUALIFIED,4.839
70<TEMP<=80,PRESS=1,FR<=3,AA<=5,50<IR<=75,0<RU<=25,0<O<=15,0.1<ICA<=0.2,20<PT<=40,0.3<ICC<=0.4,1<AL<=1.5,0<CL<=0.25,50<MEMBRANE<=125,900<EW<=1000,QUALIFIED,4.87882
TEMP<=30,PRESS=1,FR<=3,AA<=5,50<IR<=75,0<RU<=25,0<O<=15,0.1<ICA<=0.2,20<PT<=40,0.3<ICC<=0.4,1<AL<=1.5,0<CL<=0.25,50<MEMBRANE<=125,900<EW<=1000,QUALIFIED,2.51192
30<TEMP<=40,PRESS=1,FR<=3,AA<=5,50<IR<=75,0<RU<=25,0<O<=15,0.1<ICA<=0.2,20<PT<=40,0.3<ICC<=0.4,1<AL<=1.5,0<CL<=0.25,50<MEMBRANE<=125,900<EW<=1000,QUALIFIED,2.80562
50<TEMP<=60,PRESS=1,FR<=3,AA<=5,50<IR<=75,0<RU<=25,0<O<=15,0.1<ICA<=0.2,20<PT<=40,0.3<ICC<=0.4,1<AL<=1.5,0<CL<=0.25,50<MEMBRANE<=125,900<EW<=1000,QUALIFIED,3.54343
80<TEMP<=90,PRESS=1,FR<=3,AA<=5,50<IR<=75,0<RU<=25,0<O<=15,0.1<ICA<=0.2,20<PT<=40,0.3<ICC<=0.4,1<AL<=1.5,0<CL<=0.25,50<MEMBRANE<=125,900<EW<=1000,QUALIFIED,4.7781
50<TEMP<=60,PRESS=1,FR>24,AA<=5,85<IR<100,RU FREE,0<O<=15,0.5<ICA<=0.75,PURE PT,0.5<ICC<=0.7,AL>1.5,CL>0.5,125<MEMBRANE<=175,1000<EW<=1100,DISQUALIFIED,1.3831
70<TEMP<=80,PRESS=1,FR>24,AA<=5,85<IR<100,RU FREE,0<O<=15,ICA=0,0<PT<=20,0.4<ICC<=0.5,0.25<AL<=0.5,0<CL<=0.25,25<MEMBRANE<=50,1000<EW<=1100,QUALIFIED,5.4272
70<TEMP<=80,PRESS=1,FR>24,AA<=5,85<IR<100,RU FREE,0<O<=15,0<ICA<=0.1,0<PT<=20,0.4<ICC<=0.5,0.25<AL<=0.5,0<CL<=0.25,25<MEMBRANE<=50,1000<EW<=1100,QUALIFIED,6.14089
70<TEMP<=80,PRESS=1,FR>24,AA<=5,85<IR<100,RU FREE,0<O<=15,0.1<ICA<=0.2,0<PT<=20,0.4<ICC<=0.5,0.25<AL<=0.5,0<CL<=0.25,25<MEMBRANE<=50,1000<EW<=1100,QUALIFIED,5.42587
70<TEMP<=80,PRESS=1,FR>24,AA<=5,85<IR<100,RU FREE,0<O<=15,0.2<ICA<=0.3,0<PT<=20,0.4<ICC<=0.5,0.25<AL<=0.5,0<CL<=0.25,25<MEMBRANE<=50,1000<EW<=1100,QUALIFIED,5.05017
70<TEMP<=80,PRESS=1,FR>24,AA<=5,85<IR<100,RU FREE,0<O<=15,0.4<ICA<=0.5,0<PT<=20,0.4<ICC<=0.5,0.25<AL<=0.5,0<CL<=0.25,25<MEMBRANE<=50,1000<EW<=1100,QUALIFIED,3.97142
TEMP<=30,PRESS=1,FR>24,AA<=5,85<IR<100,RU FREE,0<O<=15,0<ICA<=0.1,0<PT<=20,0.4<ICC<=0.5,0.25<AL<=0.5,0<CL<=0.25,25<MEMBRANE<=50,1000<EW<=1100,DISQUALIFIED,1.8774
30<TEMP<=40,PRESS=1,FR>24,AA<=5,85<IR<100,RU FREE,0<O<=15,0<ICA<=0.1,0<PT<=20,0.4<ICC<=0.5,0.25<AL<=0.5,0<CL<=0.25,25<MEMBRANE<=50,1000<EW<=1100,QUALIFIED,2.81902
50<TEMP<=60,PRESS=1,FR>24,AA<=5,85<IR<100,RU FREE,0<O<=15,0<ICA<=0.1,0<PT<=20,0.4<ICC<=0.5,0.25<AL<=0.5,0<CL<=0.25,25<MEMBRANE<=50,1000<EW<=1100,QUALIFIED,4.58485
80<TEMP<=90,PRESS=1,FR>24,AA<=5,85<IR<100,RU FREE,0<O<=15,0<ICA<=0.1,0<PT<=20,0.4<ICC<=0.5,0.25<AL<=0.5,0<CL<=0.25,25<MEMBRANE<=50,1000<EW<=1100,QUALIFIED,6.44632
TEMP<=30,PRESS=1,FR<=3,5<AA<=25,PURE IR,RU FREE,O FREE,0.4<ICA<=0.5,PURE PT,0.4<ICC<=0.5,AL>1.5,CL>0.5,125<MEMBRANE<=175,1000<EW<=1100,DISQUALIFIED,0.22422
TEMP<=30,PRESS=1,FR<=3,5<AA<=25,PURE IR,RU FREE,O FREE,0.4<ICA<=0.5,PURE PT,0.4<ICC<=0.5,AL>1.5,CL>0.5,125<MEMBRANE<=175,1000<EW<=1100,DISQUALIFIED,0.30803
TEMP<=30,PRESS=1,3<FR<=6,5<AA<=25,PURE IR,RU FREE,O FREE,0.4<ICA<=0.5,PURE PT,0.3<ICC<=0.4,AL>1.5,CL>0.5,125<MEMBRANE<=175,1000<EW<=1100,DISQUALIFIED,0.32392
70<TEMP<=80,PRESS=1,FR>24,5<AA<=25,85<IR<100,RU FREE,0<O<=15,0.1<ICA<=0.2,40<PT<=60,0<ICC<=0.3,AL>1.5,CL>0.5,125<MEMBRANE<=175,1000<EW<=1100,QUALIFIED,2.7459
70<TEMP<=80,PRESS=1,FR>24,5<AA<=25,85<IR<100,RU FREE,0<O<=15,0.1<ICA<=0.2,40<PT<=60,0<ICC<=0.3,AL>1.5,CL>0.5,125<MEMBRANE<=175,1000<EW<=1100,QUALIFIED,2.91431
70<TEMP<=80,PRESS=1,FR>24,5<AA<=25,85<IR<100,RU FREE,0<O<=15,0.1<ICA<=0.2,40<PT<=60,0<ICC<=0.3,AL>1.5,CL>0.5,125<MEMBRANE<=175,1000<EW<=1100,QUALIFIED,2.47692
70<TEMP<=80,PRESS=1,FR<=3,AA<=5,25<IR<=50,RU FREE,15<O<=25,0.1<ICA<=0.2,20<PT<=40,0.3<ICC<=0.4,AL<=0.25,0<CL<=0.25,25<MEMBRANE<=50,1000<EW<=1100,QUALIFIED,5.26099706
70<TEMP<=80,PRESS=1,FR<=3,AA<=5,25<IR<=50,RU FREE,15<O<=25,0.1<ICA<=0.2,20<PT<=40,0.3<ICC<=0.4,AL<=0.25,0<CL<=0.25,25<MEMBRANE<=50,1000<EW<=1100,QUALIFIED,9.2985835
70<TEMP<=80,PRESS=1,FR<=3,AA<=5,25<IR<=50,RU FREE,15<O<=25,0.1<ICA<=0.2,20<PT<=40,0.3<ICC<=0.4,AL<=0.25,0<CL<=0.25,25<MEMBRANE<=50,1000<EW<=1100,QUALIFIED,7.17667133
70<TEMP<=80,PRESS=1,FR<=3,AA<=5,25<IR<=50,RU FREE,15<O<=25,0.1<ICA<=0.2,20<PT<=40,0.3<ICC<=0.4,AL<=0.25,0<CL<=0.25,25<MEMBRANE<=50,1000<EW<=1100,QUALIFIED,4.8685071
70<TEMP<=80,PRESS=1,FR<=3,AA<=5,25<IR<=50,RU FREE,15<O<=25,0.1<ICA<=0.2,20<PT<=40,0.3<ICC<=0.4,AL<=0.25,0<CL<=0.25,25<MEMBRANE<=50,EW>1100,QUALIFIED,9.24032662
70<TEMP<=80,PRESS=1,FR<=3,AA<=5,25<IR<=50,RU FREE,15<O<=25,0<ICA<=0.1,20<PT<=40,0.3<ICC<=0.4,AL<=0.25,0<CL<=0.25,25<MEMBRANE<=50,EW>1100,QUALIFIED,7.5359931
70<TEMP<=80,PRESS=1,FR>24,AA>25,PURE IR,RU FREE,O FREE,0.75<ICA<1.5,PURE PT,ICC>2,AL<=0.25,0.25<CL<=0.5,125<MEMBRANE<=175,1000<EW<=1100,DISQUALIFIED,1.00703
60<TEMP<=70,PRESS=1,FR>24,5<AA<=25,85<IR<100,RU FREE,0<O<=15,0.3<ICA<=0.4,PURE PT,0<ICC<=0.3,0.75<AL<=1,0.25<CL<=0.5,50<MEMBRANE<=125,1000<EW<=1100,QUALIFIED,2.15199847
60<TEMP<=70,PRESS=1,FR>24,5<AA<=25,85<IR<100,RU FREE,0<O<=15,0.3<ICA<=0.4,PURE PT,0.3<ICC<=0.4,0.75<AL<=1,0.25<CL<=0.5,125<MEMBRANE<=175,1000<EW<=1100,QUALIFIED,2.01371
60<TEMP<=70,PRESS=1,FR>24,5<AA<=25,85<IR<100,RU FREE,0<O<=15,ICA>1.5,PURE PT,ICC>2,0.75<AL<=1,0.25<CL<=0.5,MEMBRANE>175,1000<EW<=1100,DISQUALIFIED,1.52467
50<TEMP<=60,PRESS=1,FR>24,5<AA<=25,85<IR<100,RU FREE,0<O<=15,0.2<ICA<=0.3,PURE PT,0.4<ICC<=0.5,0.75<AL<=1,0.25<CL<=0.5,50<MEMBRANE<=125,1000<EW<=1100,DISQUALIFIED,1.99909
70<TEMP<=80,PRESS=1,FR>24,5<AA<=25,85<IR<100,RU FREE,0<O<=15,0.2<ICA<=0.3,PURE PT,0.3<ICC<=0.4,0.75<AL<=1,0.25<CL<=0.5,50<MEMBRANE<=125,1000<EW<=1100,QUALIFIED,2.46111
TEMP<=30,PRESS=1,FR>24,AA<=5,85<IR<100,RU FREE,0<O<=15,0.1<ICA<=0.2,0<PT<=20,0<ICC<=0.3,AL>1.5,0.25<CL<=0.5,50<MEMBRANE<=125,1000<EW<=1100,DISQUALIFIED,0.99128
40<TEMP<=50,PRESS=1,FR>24,AA<=5,85<IR<100,RU FREE,0<O<=15,0.1<ICA<=0.2,0<PT<=20,0<ICC<=0.3,AL>1.5,0.25<CL<=0.5,50<MEMBRANE<=125,1000<EW<=1100,DISQUALIFIED,1.61305
70<TEMP<=80,PRESS=1,6<FR<=24,AA<=5,85<IR<100,RU FREE,0<O<=15,0.1<ICA<=0.2,0<PT<=20,0<ICC<=0.3,AL>1.5,0.25<CL<=0.5,50<MEMBRANE<=125,1000<EW<=1100,QUALIFIED,2.21574
70<TEMP<=80,PRESS=1,6<FR<=24,AA<=5,50<IR<=75,RU FREE,15<O<=25,0.1<ICA<=0.2,0<PT<=20,0<ICC<=0.3,1<AL<=1.5,0.25<CL<=0.5,50<MEMBRANE<=125,1000<EW<=1100,DISQUALIFIED,1.93065
70<TEMP<=80,PRESS=1,6<FR<=24,AA<=5,50<IR<=75,RU FREE,15<O<=25,0.1<ICA<=0.2,0<PT<=20,0<ICC<=0.3,1<AL<=1.5,0.25<CL<=0.5,50<MEMBRANE<=125,1000<EW<=1100,DISQUALIFIED,1.22856
70<TEMP<=80,PRESS=1,6<FR<=24,AA<=5,75<IR<=85,RU FREE,0<O<=15,0.1<ICA<=0.2,0<PT<=20,0<ICC<=0.3,AL>1.5,0.25<CL<=0.5,50<MEMBRANE<=125,1000<EW<=1100,QUALIFIED,2.03319
70<TEMP<=80,PRESS=1,FR>24,AA>25,85<IR<100,RU FREE,O FREE,0.75<ICA<1.5,PURE PT,ICC>2,AL<=0.25,CL>0.5,50<MEMBRANE<=125,1000<EW<=1100,QUALIFIED,3.69532
70<TEMP<=80,PRESS=1,FR>24,AA>25,85<IR<100,RU FREE,O FREE,0.75<ICA<1.5,PURE PT,ICC>2,AL<=0.25,CL>0.5,125<MEMBRANE<=175,1000<EW<=1100,QUALIFIED,2.26081
70<TEMP<=80,PRESS=1,FR>24,AA>25,85<IR<100,RU FREE,O FREE,0.75<ICA<1.5,PURE PT,ICC>2,AL<=0.25,CL>0.5,125<MEMBRANE<=175,1000<EW<=1100,QUALIFIED,3.27924
70<TEMP<=80,PRESS=1,FR>24,AA>25,85<IR<100,RU FREE,O FREE,0.75<ICA<1.5,PURE PT,ICC>2,AL<=0.25,CL>0.5,125<MEMBRANE<=175,1000<EW<=1100,QUALIFIED,2.35274
70<TEMP<=80,PRESS=1,FR>24,AA>25,PURE IR,RU FREE,O FREE,0.75<ICA<1.5,PURE PT,ICC>2,AL<=0.25,CL>0.5,125<MEMBRANE<=175,1000<EW<=1100,DISQUALIFIED,1.99713
70<TEMP<=80,PRESS=1,FR>24,AA>25,85<IR<100,RU FREE,0<O<=15,0.75<ICA<1.5,PURE PT,ICC>2,AL<=0.25,CL>0.5,MEMBRANE>175,1000<EW<=1100,DISQUALIFIED,1.81328
70<TEMP<=80,PRESS=1,FR<=3,AA<=5,85<IR<100,RU FREE,0<O<=15,0.3<ICA<=0.4,20<PT<=40,0.3<ICC<=0.4,0.5<AL<=0.75,0<CL<=0.25,25<MEMBRANE<=50,1000<EW<=1100,QUALIFIED,5.05459
70<TEMP<=80,PRESS=1,FR<=3,AA<=5,25<IR<=50,RU FREE,15<O<=25,0.3<ICA<=0.4,20<PT<=40,0.3<ICC<=0.4,0.25<AL<=0.5,0<CL<=0.25,25<MEMBRANE<=50,1000<EW<=1100,QUALIFIED,4.8685
70<TEMP<=80,PRESS=1,FR<=3,AA<=5,25<IR<=50,RU FREE,15<O<=25,0.3<ICA<=0.4,20<PT<=40,0.3<ICC<=0.4,0.25<AL<=0.5,0<CL<=0.25,25<MEMBRANE<=50,1000<EW<=1100,QUALIFIED,5.93667
30<TEMP<=40,PRESS=1,FR<=3,AA<=5,25<IR<=50,RU FREE,15<O<=25,0.3<ICA<=0.4,20<PT<=40,0.3<ICC<=0.4,0.25<AL<=0.5,0<CL<=0.25,25<MEMBRANE<=50,1000<EW<=1100,DISQUALIFIED,0.40704
30<TEMP<=40,PRESS=1,FR<=3,AA<=5,25<IR<=50,RU FREE,15<O<=25,0.3<ICA<=0.4,20<PT<=40,0.3<ICC<=0.4,0.25<AL<=0.5,0<CL<=0.25,25<MEMBRANE<=50,1000<EW<=1100,DISQUALIFIED,0.27221
70<TEMP<=80,PRESS=1,6<FR<=24,AA<=5,50<IR<=75,0<RU<=25,0<O<=15,ICA=0,PURE PT,ICC=0,AL>1.5,0<CL<=0.25,50<MEMBRANE<=125,1000<EW<=1100,QUALIFIED,2.4498
70<TEMP<=80,PRESS=1,6<FR<=24,AA<=5,50<IR<=75,0<RU<=25,0<O<=15,ICA=0,PURE PT,ICC=0,AL>1.5,0<CL<=0.25,50<MEMBRANE<=125,1000<EW<=1100,QUALIFIED,2.86742
70<TEMP<=80,PRESS=1,6<FR<=24,AA<=5,50<IR<=75,0<RU<=25,0<O<=15,ICA=0,PURE PT,ICC=0,AL>1.5,0<CL<=0.25,50<MEMBRANE<=125,1000<EW<=1100,QUALIFIED,5.03265
70<TEMP<=80,PRESS=1,6<FR<=24,AA<=5,50<IR<=75,0<RU<=25,0<O<=15,ICA=0,PURE PT,ICC=0,AL>1.5,0<CL<=0.25,50<MEMBRANE<=125,1000<EW<=1100,QUALIFIED,2.74908
70<TEMP<=80,PRESS=1,6<FR<=24,AA<=5,25<IR<=50,RU FREE,15<O<=25,0.1<ICA<=0.2,0<PT<=20,0<ICC<=0.3,0.5<AL<=0.75,0.25<CL<=0.5,50<MEMBRANE<=125,1000<EW<=1100,DISQUALIFIED,1.09803
70<TEMP<=80,PRESS=1,6<FR<=24,AA<=5,75<IR<=85,RU FREE,0<O<=15,0.1<ICA<=0.2,0<PT<=20,0<ICC<=0.3,AL>1.5,0.25<CL<=0.5,50<MEMBRANE<=125,1000<EW<=1100,QUALIFIED,2.22529
50<TEMP<=60,PRESS=1,3<FR<=6,5<AA<=25,25<IR<=50,RU FREE,15<O<=25,0.4<ICA<=0.5,20<PT<=40,0.4<ICC<=0.5,0.25<AL<=0.5,CL>0.5,50<MEMBRANE<=125,1000<EW<=1100,DISQUALIFIED,0.72766
60<TEMP<=70,PRESS=1,3<FR<=6,5<AA<=25,25<IR<=50,RU FREE,15<O<=25,0.4<ICA<=0.5,20<PT<=40,0.4<ICC<=0.5,0.25<AL<=0.5,CL>0.5,50<MEMBRANE<=125,1000<EW<=1100,DISQUALIFIED,0.93263
70<TEMP<=80,PRESS=1,3<FR<=6,5<AA<=25,25<IR<=50,RU FREE,15<O<=25,0.4<ICA<=0.5,20<PT<=40,0.4<ICC<=0.5,0.25<AL<=0.5,CL>0.5,50<MEMBRANE<=125,1000<EW<=1100,DISQUALIFIED,1.1626
50<TEMP<=60,PRESS=1,3<FR<=6,5<AA<=25,25<IR<=50,RU FREE,O>25,0.4<ICA<=0.5,20<PT<=40,0.4<ICC<=0.5,AL<=0.25,CL>0.5,50<MEMBRANE<=125,1000<EW<=1100,DISQUALIFIED,0.42829
60<TEMP<=70,PRESS=1,3<FR<=6,5<AA<=25,25<IR<=50,RU FREE,O>25,0.4<ICA<=0.5,20<PT<=40,0.4<ICC<=0.5,AL<=0.25,CL>0.5,50<MEMBRANE<=125,1000<EW<=1100,DISQUALIFIED,0.44569
70<TEMP<=80,PRESS=1,3<FR<=6,5<AA<=25,25<IR<=50,RU FREE,O>25,0.4<ICA<=0.5,20<PT<=40,0.4<ICC<=0.5,AL<=0.25,CL>0.5,50<MEMBRANE<=125,1000<EW<=1100,DISQUALIFIED,0.58676
80<TEMP<=90,PRESS>3,6<FR<=24,AA<=5,PURE IR,RU FREE,O FREE,0.3<ICA<=0.4,20<PT<=40,0.5<ICC<=0.7,AL>1.5,CL>0.5,50<MEMBRANE<=125,1000<EW<=1100,QUALIFIED,2.31902
80<TEMP<=90,PRESS>3,FR<=3,AA<=5,IR<=25,25<RU<=50,15<O<=25,0.3<ICA<=0.4,20<PT<=40,0.4<ICC<=0.5,1<AL<=1.5,CL>0.5,50<MEMBRANE<=125,1000<EW<=1100,QUALIFIED,2.51459
80<TEMP<=90,PRESS>3,6<FR<=24,5<AA<=25,PURE IR,RU FREE,O FREE,0.5<ICA<=0.75,PT FREE,0.7<ICC<=1,AL>1.5,0<CL<=0.25,50<MEMBRANE<=125,1000<EW<=1100,QUALIFIED,2.50193
80<TEMP<=90,PRESS>3,6<FR<=24,5<AA<=25,75<IR<=85,RU FREE,15<O<=25,0.3<ICA<=0.4,20<PT<=40,0.4<ICC<=0.5,AL>1.5,CL>0.5,50<MEMBRANE<=125,1000<EW<=1100,QUALIFIED,2.74991
TEMP<=30,PRESS=1,6<FR<=24,5<AA<=25,75<IR<=85,RU FREE,15<O<=25,0.5<ICA<=0.75,20<PT<=40,0.3<ICC<=0.4,AL>1.5,CL>0.5,125<MEMBRANE<=175,1000<EW<=1100,DISQUALIFIED,0.88362
TEMP<=30,PRESS>3,6<FR<=24,5<AA<=25,75<IR<=85,RU FREE,15<O<=25,0.5<ICA<=0.75,20<PT<=40,0.3<ICC<=0.4,AL>1.5,CL>0.5,50<MEMBRANE<=125,1000<EW<=1100,DISQUALIFIED,0.97159
80<TEMP<=90,PRESS=1,6<FR<=24,AA<=5,75<IR<=85,RU FREE,15<O<=25,0.3<ICA<=0.4,20<PT<=40,0.4<ICC<=0.5,AL>1.5,CL>0.5,50<MEMBRANE<=125,1000<EW<=1100,QUALIFIED,2.03115
80<TEMP<=90,PRESS>3,3<FR<=6,5<AA<=25,75<IR<=85,RU FREE,15<O<=25,0.3<ICA<=0.4,20<PT<=40,0.4<ICC<=0.5,AL>1.5,CL>0.5,50<MEMBRANE<=125,1000<EW<=1100,QUALIFIED,2.33138
70<TEMP<=80,PRESS=1,FR>24,5<AA<=25,IR FREE,50<RU<=75,15<O<=25,0.75<ICA<1.5,PT FREE,0.7<ICC<=1,AL>1.5,CL>0.5,50<MEMBRANE<=125,1000<EW<=1100,DISQUALIFIED,0.89689
60<TEMP<=70,PRESS=1,FR>24,5<AA<=25,IR FREE,50<RU<=75,15<O<=25,0.75<ICA<1.5,PT FREE,0.7<ICC<=1,AL>1.5,CL>0.5,50<MEMBRANE<=125,1000<EW<=1100,DISQUALIFIED,0.80845
50<TEMP<=60,PRESS=1,FR>24,5<AA<=25,IR FREE,50<RU<=75,15<O<=25,0.75<ICA<1.5,PT FREE,0.7<ICC<=1,AL>1.5,CL>0.5,50<MEMBRANE<=125,1000<EW<=1100,DISQUALIFIED,0.74571
40<TEMP<=50,PRESS=1,FR>24,5<AA<=25,IR FREE,50<RU<=75,15<O<=25,0.75<ICA<1.5,PT FREE,0.7<ICC<=1,AL>1.5,CL>0.5,50<MEMBRANE<=125,1000<EW<=1100,DISQUALIFIED,0.65716
30<TEMP<=40,PRESS=1,FR>24,5<AA<=25,IR FREE,50<RU<=75,15<O<=25,0.75<ICA<1.5,PT FREE,0.7<ICC<=1,AL>1.5,CL>0.5,50<MEMBRANE<=125,1000<EW<=1100,DISQUALIFIED,0.59918
TEMP<=30,PRESS=1,FR>24,5<AA<=25,IR FREE,50<RU<=75,15<O<=25,0.75<ICA<1.5,PT FREE,0.7<ICC<=1,AL>1.5,CL>0.5,50<MEMBRANE<=125,1000<EW<=1100,DISQUALIFIED,0.51698
70<TEMP<=80,PRESS=1,FR>24,5<AA<=25,IR FREE,50<RU<=75,15<O<=25,0.75<ICA<1.5,20<PT<=40,0.5<ICC<=0.7,AL>1.5,0<CL<=0.25,50<MEMBRANE<=125,1000<EW<=1100,DISQUALIFIED,0.96123
70<TEMP<=80,PRESS=1,3<FR<=6,AA<=5,25<IR<=50,0<RU<=25,0<O<=15,0.1<ICA<=0.2,20<PT<=40,0.3<ICC<=0.4,0.25<AL<=0.5,0<CL<=0.25,25<MEMBRANE<=50,900<EW<=1000,QUALIFIED,5.5118
70<TEMP<=80,PRESS=1,3<FR<=6,AA<=5,50<IR<=75,0<RU<=25,0<O<=15,0.1<ICA<=0.2,20<PT<=40,0.3<ICC<=0.4,AL<=0.25,0<CL<=0.25,25<MEMBRANE<=50,900<EW<=1000,QUALIFIED,6.03118
70<TEMP<=80,PRESS=1,3<FR<=6,AA<=5,25<IR<=50,0<RU<=25,0<O<=15,0.1<ICA<=0.2,20<PT<=40,0.3<ICC<=0.4,0.25<AL<=0.5,0<CL<=0.25,25<MEMBRANE<=50,900<EW<=1000,QUALIFIED,6.83331
70<TEMP<=80,PRESS=1,3<FR<=6,AA<=5,50<IR<=75,0<RU<=25,0<O<=15,0.1<ICA<=0.2,20<PT<=40,0.3<ICC<=0.4,AL<=0.25,0<CL<=0.25,25<MEMBRANE<=50,900<EW<=1000,QUALIFIED,6.19193
TEMP<=30,PRESS=1,3<FR<=6,AA<=5,25<IR<=50,0<RU<=25,0<O<=15,0.1<ICA<=0.2,20<PT<=40,0.3<ICC<=0.4,0.25<AL<=0.5,0<CL<=0.25,25<MEMBRANE<=50,900<EW<=1000,QUALIFIED,2.94044
30<TEMP<=40,PRESS=1,3<FR<=6,AA<=5,25<IR<=50,0<RU<=25,0<O<=15,0.1<ICA<=0.2,20<PT<=40,0.3<ICC<=0.4,0.25<AL<=0.5,0<CL<=0.25,25<MEMBRANE<=50,900<EW<=1000,QUALIFIED,3.47348
50<TEMP<=60,PRESS=1,3<FR<=6,AA<=5,25<IR<=50,0<RU<=25,0<O<=15,0.1<ICA<=0.2,20<PT<=40,0.3<ICC<=0.4,0.25<AL<=0.5,0<CL<=0.25,25<MEMBRANE<=50,900<EW<=1000,QUALIFIED,4.34404
50<TEMP<=60,PRESS=1,3<FR<=6,AA<=5,25<IR<=50,0<RU<=25,0<O<=15,0.1<ICA<=0.2,20<PT<=40,0.3<ICC<=0.4,0.25<AL<=0.5,0<CL<=0.25,25<MEMBRANE<=50,900<EW<=1000,QUALIFIED,4.62623
60<TEMP<=70,PRESS=1,3<FR<=6,AA<=5,25<IR<=50,0<RU<=25,0<O<=15,0.1<ICA<=0.2,20<PT<=40,0.3<ICC<=0.4,0.25<AL<=0.5,0<CL<=0.25,25<MEMBRANE<=50,900<EW<=1000,QUALIFIED,5.22751
80<TEMP<=90,PRESS=1,3<FR<=6,AA<=5,25<IR<=50,0<RU<=25,0<O<=15,0.1<ICA<=0.2,20<PT<=40,0.3<ICC<=0.4,0.25<AL<=0.5,0<CL<=0.25,25<MEMBRANE<=50,900<EW<=1000,QUALIFIED,6.03905
70<TEMP<=80,PRESS=1,FR>24,AA<=5,85<IR<100,RU FREE,0<O<=15,0.2<ICA<=0.3,PT FREE,1<ICC<=2,1<AL<=1.5,0<CL<=0.25,50<MEMBRANE<=125,1000<EW<=1100,DISQUALIFIED,0.59894
70<TEMP<=80,PRESS=1,FR>24,AA<=5,85<IR<100,RU FREE,0<O<=15,0.2<ICA<=0.3,PT FREE,1<ICC<=2,1<AL<=1.5,0<CL<=0.25,25<MEMBRANE<=50,1000<EW<=1100,DISQUALIFIED,1.48696
70<TEMP<=80,PRESS=1,FR>24,AA<=5,85<IR<100,RU FREE,0<O<=15,0.2<ICA<=0.3,40<PT<=60,1<ICC<=2,1<AL<=1.5,0.25<CL<=0.5,50<MEMBRANE<=125,1000<EW<=1100,QUALIFIED,2.79195
70<TEMP<=80,PRESS=1,FR>24,AA<=5,85<IR<100,RU FREE,0<O<=15,0.2<ICA<=0.3,40<PT<=60,1<ICC<=2,1<AL<=1.5,0.25<CL<=0.5,25<MEMBRANE<=50,1000<EW<=1100,QUALIFIED,4.03866
70<TEMP<=80,PRESS=1,FR>24,5<AA<=25,85<IR<100,RU FREE,0<O<=15,ICA>1.5,0<PT<=20,0.3<ICC<=0.4,0.75<AL<=1,0<CL<=0.25,25<MEMBRANE<=50,1000<EW<=1100,QUALIFIED,6.3474
TEMP<=30,PRESS=1,FR>24,AA<=5,85<IR<100,RU FREE,0<O<=15,0.5<ICA<=0.75,20<PT<=40,ICC>2,AL>1.5,0.25<CL<=0.5,50<MEMBRANE<=125,1000<EW<=1100,DISQUALIFIED,0.01055
TEMP<=30,PRESS=1,FR>24,AA<=5,85<IR<100,RU FREE,0<O<=15,0.4<ICA<=0.5,20<PT<=40,ICC>2,AL>1.5,0.25<CL<=0.5,50<MEMBRANE<=125,1000<EW<=1100,DISQUALIFIED,0.00975
TEMP<=30,PRESS=1,FR>24,AA<=5,85<IR<100,RU FREE,0<O<=15,0.5<ICA<=0.75,20<PT<=40,ICC>2,AL>1.5,0.25<CL<=0.5,50<MEMBRANE<=125,1000<EW<=1100,DISQUALIFIED,0.00844
70<TEMP<=80,PRESS=1,3<FR<=6,AA<=5,50<IR<=75,RU FREE,15<O<=25,0<ICA<=0.1,40<PT<=60,0.5<ICC<=0.7,AL>1.5,0.25<CL<=0.5,25<MEMBRANE<=50,1000<EW<=1100,QUALIFIED,7.00571
70<TEMP<=80,PRESS=1,3<FR<=6,AA<=5,50<IR<=75,RU FREE,15<O<=25,0.1<ICA<=0.2,40<PT<=60,0.5<ICC<=0.7,AL>1.5,0.25<CL<=0.5,25<MEMBRANE<=50,1000<EW<=1100,QUALIFIED,7.17113
70<TEMP<=80,PRESS=1,3<FR<=6,AA<=5,50<IR<=75,RU FREE,15<O<=25,0.3<ICA<=0.4,40<PT<=60,0.5<ICC<=0.7,AL>1.5,0.25<CL<=0.5,25<MEMBRANE<=50,1000<EW<=1100,QUALIFIED,5.7015
70<TEMP<=80,PRESS=1,3<FR<=6,AA<=5,50<IR<=75,RU FREE,15<O<=25,0.1<ICA<=0.2,40<PT<=60,0.5<ICC<=0.7,AL>1.5,0.25<CL<=0.5,25<MEMBRANE<=50,1000<EW<=1100,QUALIFIED,5.48771
70<TEMP<=80,PRESS=1,3<FR<=6,AA<=5,50<IR<=75,RU FREE,15<O<=25,0.1<ICA<=0.2,40<PT<=60,0.5<ICC<=0.7,AL>1.5,0.25<CL<=0.5,25<MEMBRANE<=50,1000<EW<=1100,QUALIFIED,5.36761
70<TEMP<=80,PRESS=1,3<FR<=6,AA<=5,50<IR<=75,RU FREE,15<O<=25,0.1<ICA<=0.2,40<PT<=60,0.5<ICC<=0.7,AL>1.5,0.25<CL<=0.5,25<MEMBRANE<=50,1000<EW<=1100,QUALIFIED,5.70918
50<TEMP<=60,PRESS=1,FR>24,AA<=5,85<IR<100,RU FREE,0<O<=15,0.75<ICA<1.5,20<PT<=40,1<ICC<=2,AL<=0.25,0.25<CL<=0.5,125<MEMBRANE<=175,1000<EW<=1100,DISQUALIFIED,1.89234
70<TEMP<=80,PRESS=1,FR>24,AA<=5,85<IR<100,RU FREE,0<O<=15,0.3<ICA<=0.4,20<PT<=40,0.5<ICC<=0.7,AL<=0.25,0.25<CL<=0.5,125<MEMBRANE<=175,1000<EW<=1100,QUALIFIED,2.34466
70<TEMP<=80,PRESS=1,3<FR<=6,AA<=5,50<IR<=75,0<RU<=25,0<O<=15,0.1<ICA<=0.2,20<PT<=40,0.3<ICC<=0.4,0.25<AL<=0.5,0<CL<=0.25,50<MEMBRANE<=125,900<EW<=1000,QUALIFIED,4.63587
70<TEMP<=80,PRESS=1,3<FR<=6,AA<=5,50<IR<=75,0<RU<=25,0<O<=15,0.1<ICA<=0.2,20<PT<=40,0.3<ICC<=0.4,0.25<AL<=0.5,0<CL<=0.25,50<MEMBRANE<=125,900<EW<=1000,QUALIFIED,4.18756
70<TEMP<=80,PRESS=1,3<FR<=6,AA<=5,50<IR<=75,0<RU<=25,0<O<=15,0.2<ICA<=0.3,20<PT<=40,0.5<ICC<=0.7,1<AL<=1.5,0<CL<=0.25,50<MEMBRANE<=125,900<EW<=1000,QUALIFIED,4.28932
70<TEMP<=80,PRESS=1,3<FR<=6,AA<=5,50<IR<=75,0<RU<=25,0<O<=15,0.2<ICA<=0.3,20<PT<=40,0.3<ICC<=0.4,1<AL<=1.5,0<CL<=0.25,50<MEMBRANE<=125,900<EW<=1000,QUALIFIED,4.39963
70<TEMP<=80,PRESS=1,3<FR<=6,AA<=5,50<IR<=75,0<RU<=25,0<O<=15,0.1<ICA<=0.2,20<PT<=40,0.3<ICC<=0.4,0.25<AL<=0.5,0<CL<=0.25,50<MEMBRANE<=125,900<EW<=1000,QUALIFIED,4.15601
70<TEMP<=80,PRESS=1,3<FR<=6,AA<=5,50<IR<=75,0<RU<=25,0<O<=15,0.1<ICA<=0.2,20<PT<=40,0.3<ICC<=0.4,0.25<AL<=0.5,0<CL<=0.25,50<MEMBRANE<=125,900<EW<=1000,QUALIFIED,3.91792
70<TEMP<=80,PRESS=1,FR>24,5<AA<=25,85<IR<100,RU FREE,0<O<=15,0.2<ICA<=0.3,40<PT<=60,0<ICC<=0.3,AL>1.5,CL>0.5,125<MEMBRANE<=175,1000<EW<=1100,QUALIFIED,2.87572
70<TEMP<=80,PRESS=1,FR>24,5<AA<=25,IR FREE,50<RU<=75,15<O<=25,0.5<ICA<=0.75,20<PT<=40,0.3<ICC<=0.4,AL>1.5,CL>0.5,50<MEMBRANE<=125,1000<EW<=1100,DISQUALIFIED,0.94395
70<TEMP<=80,PRESS=1,FR>24,5<AA<=25,IR FREE,25<RU<=50,15<O<=25,0.5<ICA<=0.75,20<PT<=40,0.4<ICC<=0.5,AL>1.5,CL>0.5,50<MEMBRANE<=125,1000<EW<=1100,DISQUALIFIED,0.7565
70<TEMP<=80,PRESS=1,FR>24,5<AA<=25,IR FREE,0<RU<=25,15<O<=25,0.5<ICA<=0.75,20<PT<=40,0.4<ICC<=0.5,AL>1.5,CL>0.5,50<MEMBRANE<=125,1000<EW<=1100,DISQUALIFIED,0.47874
TEMP<=30,PRESS=1,FR>24,5<AA<=25,IR FREE,50<RU<=75,15<O<=25,0.5<ICA<=0.75,20<PT<=40,0.3<ICC<=0.4,AL>1.5,CL>0.5,50<MEMBRANE<=125,1000<EW<=1100,DISQUALIFIED,0.59336
30<TEMP<=40,PRESS=1,FR>24,5<AA<=25,IR FREE,50<RU<=75,15<O<=25,0.5<ICA<=0.75,20<PT<=40,0.3<ICC<=0.4,AL>1.5,CL>0.5,50<MEMBRANE<=125,1000<EW<=1100,DISQUALIFIED,0.73764
40<TEMP<=50,PRESS=1,FR>24,5<AA<=25,IR FREE,50<RU<=75,15<O<=25,0.5<ICA<=0.75,20<PT<=40,0.3<ICC<=0.4,AL>1.5,CL>0.5,50<MEMBRANE<=125,1000<EW<=1100,DISQUALIFIED,0.82404
50<TEMP<=60,PRESS=1,FR>24,5<AA<=25,IR FREE,50<RU<=75,15<O<=25,0.5<ICA<=0.75,20<PT<=40,0.3<ICC<=0.4,AL>1.5,CL>0.5,50<MEMBRANE<=125,1000<EW<=1100,DISQUALIFIED,0.91941
60<TEMP<=70,PRESS=1,FR>24,5<AA<=25,IR FREE,50<RU<=75,15<O<=25,0.5<ICA<=0.75,20<PT<=40,0.4<ICC<=0.5,AL>1.5,CL>0.5,50<MEMBRANE<=125,1000<EW<=1100,DISQUALIFIED,0.96384
50<TEMP<=60,PRESS=1,FR>24,AA<=5,85<IR<100,RU FREE,0<O<=15,ICA>1.5,0<PT<=20,ICC>2,AL>1.5,0<CL<=0.25,25<MEMBRANE<=50,1000<EW<=1100,DISQUALIFIED,1.6338
50<TEMP<=60,PRESS=1,FR>24,AA<=5,85<IR<100,RU FREE,0<O<=15,ICA>1.5,0<PT<=20,ICC>2,AL>1.5,0<CL<=0.25,25<MEMBRANE<=50,1000<EW<=1100,DISQUALIFIED,1.32004
70<TEMP<=80,PRESS=1,FR<=3,AA<=5,85<IR<100,RU FREE,0<O<=15,0.1<ICA<=0.2,20<PT<=40,0.3<ICC<=0.4,0.5<AL<=0.75,0<CL<=0.25,25<MEMBRANE<=50,1000<EW<=1100,QUALIFIED,5.25875
70<TEMP<=80,PRESS=1,FR<=3,AA<=5,25<IR<=50,RU FREE,15<O<=25,0.1<ICA<=0.2,20<PT<=40,0.3<ICC<=0.4,AL<=0.25,0<CL<=0.25,25<MEMBRANE<=50,1000<EW<=1100,QUALIFIED,7.31062
70<TEMP<=80,PRESS=1,FR<=3,AA<=5,25<IR<=50,RU FREE,15<O<=25,0.1<ICA<=0.2,20<PT<=40,0.3<ICC<=0.4,AL<=0.25,0<CL<=0.25,25<MEMBRANE<=50,1000<EW<=1100,QUALIFIED,8.75502
70<TEMP<=80,PRESS=1,FR>24,AA>25,85<IR<100,RU FREE,0<O<=15,0.5<ICA<=0.75,PURE PT,ICC>2,AL>1.5,CL>0.5,MEMBRANE>175,1000<EW<=1100,DISQUALIFIED,1.09792
70<TEMP<=80,PRESS=1,FR>24,AA>25,85<IR<100,RU FREE,0<O<=15,0.75<ICA<1.5,PURE PT,ICC>2,AL>1.5,CL>0.5,MEMBRANE>175,1000<EW<=1100,DISQUALIFIED,1.20602
70<TEMP<=80,PRESS=1,FR>24,AA>25,85<IR<100,RU FREE,0<O<=15,0.75<ICA<1.5,PURE PT,ICC>2,AL>1.5,CL>0.5,MEMBRANE>175,1000<EW<=1100,DISQUALIFIED,1.23807
50<TEMP<=60,PRESS=1,FR>24,5<AA<=25,50<IR<=75,0<RU<=25,15<O<=25,0.4<ICA<=0.5,20<PT<=40,0<ICC<=0.3,AL>1.5,CL>0.5,125<MEMBRANE<=175,1000<EW<=1100,DISQUALIFIED,0.99483
80<TEMP<=90,PRESS=1,6<FR<=24,AA<=5,85<IR<100,RU FREE,0<O<=15,0.3<ICA<=0.4,PT FREE,1<ICC<=2,AL<=0.25,0<CL<=0.25,25<MEMBRANE<=50,1000<EW<=1100,DISQUALIFIED,0.73064
TEMP<=30,PRESS=1,FR<=3,AA<=5,50<IR<=75,0<RU<=25,0<O<=15,0.2<ICA<=0.3,20<PT<=40,0.4<ICC<=0.5,1<AL<=1.5,0.25<CL<=0.5,50<MEMBRANE<=125,EW<=900,QUALIFIED,2.46384
30<TEMP<=40,PRESS=1,FR<=3,AA<=5,50<IR<=75,0<RU<=25,0<O<=15,0.2<ICA<=0.3,20<PT<=40,0.4<ICC<=0.5,1<AL<=1.5,0.25<CL<=0.5,50<MEMBRANE<=125,EW<=900,QUALIFIED,2.86838
40<TEMP<=50,PRESS=1,FR<=3,AA<=5,50<IR<=75,0<RU<=25,0<O<=15,0.2<ICA<=0.3,20<PT<=40,0.4<ICC<=0.5,1<AL<=1.5,0.25<CL<=0.5,50<MEMBRANE<=125,EW<=900,QUALIFIED,3.27291
50<TEMP<=60,PRESS=1,FR<=3,AA<=5,50<IR<=75,0<RU<=25,0<O<=15,0.2<ICA<=0.3,20<PT<=40,0.4<ICC<=0.5,1<AL<=1.5,0.25<CL<=0.5,50<MEMBRANE<=125,EW<=900,QUALIFIED,3.69659
60<TEMP<=70,PRESS=1,FR<=3,AA<=5,50<IR<=75,0<RU<=25,0<O<=15,0.2<ICA<=0.3,20<PT<=40,0.4<ICC<=0.5,1<AL<=1.5,0.25<CL<=0.5,50<MEMBRANE<=125,EW<=900,QUALIFIED,4.06503
70<TEMP<=80,PRESS=1,FR<=3,AA<=5,50<IR<=75,0<RU<=25,0<O<=15,0.2<ICA<=0.3,20<PT<=40,0.4<ICC<=0.5,1<AL<=1.5,0.25<CL<=0.5,50<MEMBRANE<=125,EW<=900,QUALIFIED,4.48294
80<TEMP<=90,PRESS=1,FR<=3,AA<=5,50<IR<=75,0<RU<=25,0<O<=15,0.2<ICA<=0.3,20<PT<=40,0.4<ICC<=0.5,1<AL<=1.5,0.25<CL<=0.5,50<MEMBRANE<=125,EW<=900,QUALIFIED,4.87267
80<TEMP<=90,PRESS=1,FR<=3,AA<=5,50<IR<=75,0<RU<=25,0<O<=15,0.2<ICA<=0.3,20<PT<=40,0.4<ICC<=0.5,1<AL<=1.5,0.25<CL<=0.5,50<MEMBRANE<=125,1000<EW<=1100,QUALIFIED,4.42622
70<TEMP<=80,PRESS=1,3<FR<=6,AA<=5,PURE IR,RU FREE,O FREE,0.1<ICA<=0.2,PT FREE,1<ICC<=2,AL>1.5,0<CL<=0.25,50<MEMBRANE<=125,1000<EW<=1100,DISQUALIFIED,0.93295
70<TEMP<=80,PRESS=1,3<FR<=6,AA<=5,PURE IR,RU FREE,O FREE,0.3<ICA<=0.4,PT FREE,1<ICC<=2,AL>1.5,0<CL<=0.25,50<MEMBRANE<=125,1000<EW<=1100,DISQUALIFIED,1.07653
70<TEMP<=80,PRESS=1,3<FR<=6,AA<=5,PURE IR,RU FREE,O FREE,0.4<ICA<=0.5,PT FREE,1<ICC<=2,AL>1.5,0<CL<=0.25,50<MEMBRANE<=125,1000<EW<=1100,DISQUALIFIED,1.14334
70<TEMP<=80,PRESS=1,3<FR<=6,AA<=5,PURE IR,RU FREE,O FREE,0.2<ICA<=0.3,0<PT<=20,0.5<ICC<=0.7,AL>1.5,0.25<CL<=0.5,50<MEMBRANE<=125,1000<EW<=1100,DISQUALIFIED,1.66014
70<TEMP<=80,2<PRESS<=3,FR>24,AA>25,85<IR<100,RU FREE,0<O<=15,0.75<ICA<1.5,PURE PT,ICC>2,AL>1.5,CL>0.5,50<MEMBRANE<=125,EW<=900,DISQUALIFIED,0.93482
70<TEMP<=80,2<PRESS<=3,FR>24,AA>25,85<IR<100,RU FREE,0<O<=15,0.75<ICA<1.5,PURE PT,ICC>2,AL>1.5,CL>0.5,50<MEMBRANE<=125,1000<EW<=1100,DISQUALIFIED,1.38025
70<TEMP<=80,PRESS=1,FR<=3,AA<=5,85<IR<100,RU FREE,0<O<=15,0.1<ICA<=0.2,20<PT<=40,0.3<ICC<=0.4,0.75<AL<=1,0<CL<=0.25,25<MEMBRANE<=50,1000<EW<=1100,QUALIFIED,4.17321
70<TEMP<=80,PRESS=1,FR<=3,AA<=5,50<IR<=75,RU FREE,15<O<=25,0.2<ICA<=0.3,20<PT<=40,0.3<ICC<=0.4,0.5<AL<=0.75,0<CL<=0.25,25<MEMBRANE<=50,1000<EW<=1100,QUALIFIED,5.2552
70<TEMP<=80,PRESS=1,FR<=3,AA<=5,25<IR<=50,RU FREE,15<O<=25,0.2<ICA<=0.3,20<PT<=40,0.5<ICC<=0.7,0.25<AL<=0.5,0<CL<=0.25,25<MEMBRANE<=50,1000<EW<=1100,QUALIFIED,3.46352
70<TEMP<=80,PRESS=1,FR>24,5<AA<=25,85<IR<100,RU FREE,0<O<=15,0.3<ICA<=0.4,40<PT<=60,0<ICC<=0.3,AL<=0.25,CL>0.5,125<MEMBRANE<=175,1000<EW<=1100,DISQUALIFIED,1.85
70<TEMP<=80,PRESS=1,FR>24,5<AA<=25,85<IR<100,RU FREE,0<O<=15,0.3<ICA<=0.4,40<PT<=60,0<ICC<=0.3,AL<=0.25,CL>0.5,125<MEMBRANE<=175,1000<EW<=1100,QUALIFIED,2.275
70<TEMP<=80,PRESS=1,FR>24,5<AA<=25,85<IR<100,RU FREE,0<O<=15,0.3<ICA<=0.4,40<PT<=60,0<ICC<=0.3,AL<=0.25,CL>0.5,125<MEMBRANE<=175,1000<EW<=1100,QUALIFIED,2.47
70<TEMP<=80,PRESS=1,FR>24,5<AA<=25,85<IR<100,RU FREE,0<O<=15,0.3<ICA<=0.4,40<PT<=60,0<ICC<=0.3,AL<=0.25,CL>0.5,125<MEMBRANE<=175,1000<EW<=1100,QUALIFIED,2.559
70<TEMP<=80,PRESS=1,FR>24,5<AA<=25,85<IR<100,RU FREE,0<O<=15,0.3<ICA<=0.4,40<PT<=60,0<ICC<=0.3,AL<=0.25,CL>0.5,125<MEMBRANE<=175,1000<EW<=1100,QUALIFIED,2.559
TEMP<=30,PRESS=1,FR<=3,AA<=5,50<IR<=75,0<RU<=25,0<O<=15,0.2<ICA<=0.3,PT FREE,0<ICC<=0.3,AL>1.5,0<CL<=0.25,50<MEMBRANE<=125,1000<EW<=1100,DISQUALIFIED,0.159
TEMP<=30,PRESS=1,FR<=3,AA<=5,50<IR<=75,0<RU<=25,0<O<=15,0.2<ICA<=0.3,PURE PT,0<ICC<=0.3,AL>1.5,0.25<CL<=0.5,50<MEMBRANE<=125,1000<EW<=1100,DISQUALIFIED,0.602
70<TEMP<=80,PRESS=1,6<FR<=24,AA<=5,IR FREE,50<RU<=75,15<O<=25,0.2<ICA<=0.3,20<PT<=40,0.3<ICC<=0.4,AL>1.5,CL>0.5,50<MEMBRANE<=125,1000<EW<=1100,DISQUALIFIED,1.889
70<TEMP<=80,PRESS=1,6<FR<=24,AA<=5,IR FREE,0<RU<=25,15<O<=25,0.2<ICA<=0.3,20<PT<=40,0<ICC<=0.3,0.5<AL<=0.75,CL>0.5,50<MEMBRANE<=125,1000<EW<=1100,DISQUALIFIED,1.808
70<TEMP<=80,PRESS=1,6<FR<=24,AA<=5,IR FREE,25<RU<=50,15<O<=25,0.2<ICA<=0.3,20<PT<=40,0.4<ICC<=0.5,0.75<AL<=1,CL>0.5,50<MEMBRANE<=125,1000<EW<=1100,DISQUALIFIED,1.923
70<TEMP<=80,PRESS=1,6<FR<=24,AA<=5,IR FREE,25<RU<=50,15<O<=25,0.2<ICA<=0.3,20<PT<=40,0.4<ICC<=0.5,1<AL<=1.5,CL>0.5,50<MEMBRANE<=125,1000<EW<=1100,DISQUALIFIED,1.877
70<TEMP<=80,PRESS=1,FR>24,5<AA<=25,85<IR<100,RU FREE,0<O<=15,0.4<ICA<=0.5,40<PT<=60,0<ICC<=0.3,AL>1.5,CL>0.5,125<MEMBRANE<=175,1000<EW<=1100,QUALIFIED,2.86
TEMP<=30,PRESS=1,FR>24,5<AA<=25,IR FREE,50<RU<=75,15<O<=25,0.75<ICA<1.5,PT FREE,0.7<ICC<=1,AL>1.5,CL>0.5,50<MEMBRANE<=125,1000<EW<=1100,DISQUALIFIED,0.605
30<TEMP<=40,PRESS=1,FR>24,5<AA<=25,IR FREE,75<RU<=100,15<O<=25,0.75<ICA<1.5,PT FREE,0.7<ICC<=1,AL>1.5,CL>0.5,50<MEMBRANE<=125,1000<EW<=1100,DISQUALIFIED,0.762
40<TEMP<=50,PRESS=1,FR>24,5<AA<=25,IR FREE,75<RU<=100,15<O<=25,0.75<ICA<1.5,PT FREE,0.7<ICC<=1,AL>1.5,CL>0.5,50<MEMBRANE<=125,1000<EW<=1100,DISQUALIFIED,0.801
50<TEMP<=60,PRESS=1,FR>24,5<AA<=25,IR FREE,75<RU<=100,15<O<=25,0.75<ICA<1.5,PT FREE,0.7<ICC<=1,AL>1.5,CL>0.5,50<MEMBRANE<=125,1000<EW<=1100,DISQUALIFIED,0.876
60<TEMP<=70,PRESS=1,FR>24,5<AA<=25,IR FREE,75<RU<=100,15<O<=25,0.75<ICA<1.5,PT FREE,0.7<ICC<=1,AL>1.5,CL>0.5,50<MEMBRANE<=125,1000<EW<=1100,DISQUALIFIED,0.932
70<TEMP<=80,PRESS=1,FR>24,5<AA<=25,IR FREE,75<RU<=100,15<O<=25,0.75<ICA<1.5,PT FREE,0.7<ICC<=1,AL>1.5,CL>0.5,50<MEMBRANE<=125,1000<EW<=1100,DISQUALIFIED,1.04
70<TEMP<=80,PRESS=1,FR>24,5<AA<=25,IR FREE,75<RU<=100,15<O<=25,0.5<ICA<=0.75,20<PT<=40,0.5<ICC<=0.7,AL>1.5,0<CL<=0.25,50<MEMBRANE<=125,1000<EW<=1100,DISQUALIFIED,1.093
80<TEMP<=90,PRESS=1,6<FR<=24,5<AA<=25,85<IR<100,RU FREE,0<O<=15,0<ICA<=0.1,40<PT<=60,0.4<ICC<=0.5,AL<=0.25,0.25<CL<=0.5,25<MEMBRANE<=50,1000<EW<=1100,QUALIFIED,2.693
TEMP>100,1<PRESS<=2,6<FR<=24,5<AA<=25,85<IR<100,RU FREE,0<O<=15,0<ICA<=0.1,40<PT<=60,0.4<ICC<=0.5,AL<=0.25,0.25<CL<=0.5,25<MEMBRANE<=50,1000<EW<=1100,QUALIFIED,7.046
TEMP>100,1<PRESS<=2,6<FR<=24,5<AA<=25,85<IR<100,RU FREE,0<O<=15,0<ICA<=0.1,40<PT<=60,0.4<ICC<=0.5,AL<=0.25,0.25<CL<=0.5,25<MEMBRANE<=50,1000<EW<=1100,QUALIFIED,7.683
TEMP>100,2<PRESS<=3,6<FR<=24,5<AA<=25,85<IR<100,RU FREE,0<O<=15,0<ICA<=0.1,40<PT<=60,0.4<ICC<=0.5,AL<=0.25,0.25<CL<=0.5,25<MEMBRANE<=50,1000<EW<=1100,QUALIFIED,8.342
30<TEMP<=40,PRESS=1,6<FR<=24,5<AA<=25,PURE IR,RU FREE,O FREE,0.2<ICA<=0.3,PURE PT,0<ICC<=0.3,0.75<AL<=1,0.25<CL<=0.5,50<MEMBRANE<=125,1000<EW<=1100,DISQUALIFIED,1.107
50<TEMP<=60,PRESS=1,FR>24,5<AA<=25,85<IR<100,RU FREE,0<O<=15,0.3<ICA<=0.4,PURE PT,0<ICC<=0.3,AL>1.5,CL>0.5,125<MEMBRANE<=175,1000<EW<=1100,QUALIFIED,2.085
70<TEMP<=80,PRESS=1,FR>24,5<AA<=25,85<IR<100,RU FREE,0<O<=15,0.2<ICA<=0.3,PURE PT,0<ICC<=0.3,AL>1.5,CL>0.5,125<MEMBRANE<=175,1000<EW<=1100,QUALIFIED,2.655
70<TEMP<=80,PRESS=1,FR>24,AA<=5,50<IR<=75,RU FREE,0<O<=15,0.3<ICA<=0.4,20<PT<=40,0.3<ICC<=0.4,AL>1.5,0.25<CL<=0.5,125<MEMBRANE<=175,1000<EW<=1100,DISQUALIFIED,0.75
70<TEMP<=80,PRESS=1,FR>24,AA<=5,50<IR<=75,RU FREE,0<O<=15,0.3<ICA<=0.4,20<PT<=40,0.3<ICC<=0.4,AL>1.5,0.25<CL<=0.5,125<MEMBRANE<=175,1000<EW<=1100,DISQUALIFIED,0.855
70<TEMP<=80,PRESS=1,FR>24,AA<=5,50<IR<=75,RU FREE,0<O<=15,0.3<ICA<=0.4,20<PT<=40,0.3<ICC<=0.4,AL>1.5,0.25<CL<=0.5,125<MEMBRANE<=175,1000<EW<=1100,DISQUALIFIED,0.97
70<TEMP<=80,PRESS=1,FR>24,AA<=5,50<IR<=75,RU FREE,0<O<=15,0.3<ICA<=0.4,20<PT<=40,0.3<ICC<=0.4,AL>1.5,0.25<CL<=0.5,125<MEMBRANE<=175,1000<EW<=1100,DISQUALIFIED,0.95
70<TEMP<=80,PRESS=1,FR>24,AA<=5,85<IR<100,RU FREE,0<O<=15,0.3<ICA<=0.4,20<PT<=40,0.3<ICC<=0.4,AL>1.5,0.25<CL<=0.5,125<MEMBRANE<=175,1000<EW<=1100,DISQUALIFIED,1.166
70<TEMP<=80,PRESS=1,FR>24,AA<=5,50<IR<=75,RU FREE,0<O<=15,0.3<ICA<=0.4,20<PT<=40,0.3<ICC<=0.4,AL>1.5,0.25<CL<=0.5,125<MEMBRANE<=175,1000<EW<=1100,DISQUALIFIED,0.90039
70<TEMP<=80,PRESS=1,FR>24,AA<=5,50<IR<=75,RU FREE,0<O<=15,0.3<ICA<=0.4,20<PT<=40,0.3<ICC<=0.4,AL>1.5,0.25<CL<=0.5,125<MEMBRANE<=175,1000<EW<=1100,DISQUALIFIED,0.82092
50<TEMP<=60,PRESS=1,FR>24,AA>25,PURE IR,RU FREE,O FREE,0.3<ICA<=0.4,20<PT<=40,0.5<ICC<=0.7,1<AL<=1.5,0.25<CL<=0.5,50<MEMBRANE<=125,1000<EW<=1100,QUALIFIED,2.001
TEMP<=30,PRESS=1,3<FR<=6,AA<=5,50<IR<=75,0<RU<=25,0<O<=15,0.2<ICA<=0.3,20<PT<=40,0.4<ICC<=0.5,1<AL<=1.5,0.25<CL<=0.5,50<MEMBRANE<=125,1000<EW<=1100,QUALIFIED,2.059
30<TEMP<=40,PRESS=1,3<FR<=6,AA<=5,50<IR<=75,0<RU<=25,0<O<=15,0.2<ICA<=0.3,20<PT<=40,0.4<ICC<=0.5,1<AL<=1.5,0.25<CL<=0.5,50<MEMBRANE<=125,1000<EW<=1100,QUALIFIED,2.424
40<TEMP<=50,PRESS=1,3<FR<=6,AA<=5,50<IR<=75,0<RU<=25,0<O<=15,0.2<ICA<=0.3,20<PT<=40,0.4<ICC<=0.5,1<AL<=1.5,0.25<CL<=0.5,50<MEMBRANE<=125,1000<EW<=1100,QUALIFIED,2.838
50<TEMP<=60,PRESS=1,3<FR<=6,AA<=5,50<IR<=75,0<RU<=25,0<O<=15,0.2<ICA<=0.3,20<PT<=40,0.4<ICC<=0.5,1<AL<=1.5,0.25<CL<=0.5,50<MEMBRANE<=125,1000<EW<=1100,QUALIFIED,3.27
60<TEMP<=70,PRESS=1,3<FR<=6,AA<=5,50<IR<=75,0<RU<=25,0<O<=15,0.2<ICA<=0.3,20<PT<=40,0.4<ICC<=0.5,1<AL<=1.5,0.25<CL<=0.5,50<MEMBRANE<=125,1000<EW<=1100,QUALIFIED,3.749
70<TEMP<=80,PRESS=1,3<FR<=6,AA<=5,50<IR<=75,0<RU<=25,0<O<=15,0.2<ICA<=0.3,20<PT<=40,0.4<ICC<=0.5,1<AL<=1.5,0.25<CL<=0.5,50<MEMBRANE<=125,1000<EW<=1100,QUALIFIED,3.962
80<TEMP<=90,PRESS=1,3<FR<=6,AA<=5,50<IR<=75,0<RU<=25,0<O<=15,0.2<ICA<=0.3,20<PT<=40,0.4<ICC<=0.5,1<AL<=1.5,0.25<CL<=0.5,50<MEMBRANE<=125,1000<EW<=1100,QUALIFIED,4.279
TEMP<=30,PRESS=1,3<FR<=6,AA<=5,85<IR<100,RU FREE,0<O<=15,0.2<ICA<=0.3,20<PT<=40,0.4<ICC<=0.5,1<AL<=1.5,0.25<CL<=0.5,50<MEMBRANE<=125,1000<EW<=1100,DISQUALIFIED,1.735
30<TEMP<=40,PRESS=1,3<FR<=6,AA<=5,85<IR<100,RU FREE,0<O<=15,0.2<ICA<=0.3,20<PT<=40,0.4<ICC<=0.5,1<AL<=1.5,0.25<CL<=0.5,50<MEMBRANE<=125,1000<EW<=1100,QUALIFIED,2.152
40<TEMP<=50,PRESS=1,3<FR<=6,AA<=5,85<IR<100,RU FREE,0<O<=15,0.2<ICA<=0.3,20<PT<=40,0.4<ICC<=0.5,1<AL<=1.5,0.25<CL<=0.5,50<MEMBRANE<=125,1000<EW<=1100,QUALIFIED,2.5
50<TEMP<=60,PRESS=1,3<FR<=6,AA<=5,85<IR<100,RU FREE,0<O<=15,0.2<ICA<=0.3,20<PT<=40,0.4<ICC<=0.5,1<AL<=1.5,0.25<CL<=0.5,50<MEMBRANE<=125,1000<EW<=1100,QUALIFIED,2.83
60<TEMP<=70,PRESS=1,3<FR<=6,AA<=5,85<IR<100,RU FREE,0<O<=15,0.2<ICA<=0.3,20<PT<=40,0.4<ICC<=0.5,1<AL<=1.5,0.25<CL<=0.5,50<MEMBRANE<=125,1000<EW<=1100,QUALIFIED,3.326
70<TEMP<=80,PRESS=1,3<FR<=6,AA<=5,85<IR<100,RU FREE,0<O<=15,0.2<ICA<=0.3,20<PT<=40,0.4<ICC<=0.5,1<AL<=1.5,0.25<CL<=0.5,50<MEMBRANE<=125,1000<EW<=1100,QUALIFIED,3.609
80<TEMP<=90,PRESS=1,3<FR<=6,AA<=5,85<IR<100,RU FREE,0<O<=15,0.2<ICA<=0.3,20<PT<=40,0.4<ICC<=0.5,1<AL<=1.5,0.25<CL<=0.5,50<MEMBRANE<=125,1000<EW<=1100,QUALIFIED,2.515
70<TEMP<=80,PRESS=1,FR<=3,AA<=5,85<IR<100,RU FREE,0<O<=15,0.4<ICA<=0.5,40<PT<=60,0.4<ICC<=0.5,AL>1.5,0.25<CL<=0.5,50<MEMBRANE<=125,EW<=900,QUALIFIED,4.055
70<TEMP<=80,PRESS=1,FR<=3,AA<=5,85<IR<100,RU FREE,0<O<=15,0.4<ICA<=0.5,40<PT<=60,0.4<ICC<=0.5,AL>1.5,0.25<CL<=0.5,50<MEMBRANE<=125,1000<EW<=1100,QUALIFIED,2.331
30<TEMP<=40,PRESS=1,FR<=3,AA<=5,85<IR<100,RU FREE,0<O<=15,0.4<ICA<=0.5,40<PT<=60,0.4<ICC<=0.5,AL>1.5,0.25<CL<=0.5,50<MEMBRANE<=125,EW<=900,QUALIFIED,2.66
40<TEMP<=50,PRESS=1,FR<=3,AA<=5,85<IR<100,RU FREE,0<O<=15,0.4<ICA<=0.5,40<PT<=60,0.4<ICC<=0.5,AL>1.5,0.25<CL<=0.5,50<MEMBRANE<=125,EW<=900,QUALIFIED,3.041
50<TEMP<=60,PRESS=1,FR<=3,AA<=5,85<IR<100,RU FREE,0<O<=15,0.4<ICA<=0.5,40<PT<=60,0.4<ICC<=0.5,AL>1.5,0.25<CL<=0.5,50<MEMBRANE<=125,EW<=900,QUALIFIED,3.545
60<TEMP<=70,PRESS=1,FR<=3,AA<=5,85<IR<100,RU FREE,0<O<=15,0.4<ICA<=0.5,40<PT<=60,0.4<ICC<=0.5,AL>1.5,0.25<CL<=0.5,50<MEMBRANE<=125,EW<=900,QUALIFIED,3.784
80<TEMP<=90,PRESS=1,FR<=3,AA<=5,85<IR<100,RU FREE,0<O<=15,0.4<ICA<=0.5,40<PT<=60,0.4<ICC<=0.5,AL>1.5,0.25<CL<=0.5,50<MEMBRANE<=125,EW<=900,QUALIFIED,4.444
TEMP<=30,2<PRESS<=3,3<FR<=6,5<AA<=25,85<IR<100,RU FREE,0<O<=15,0.4<ICA<=0.5,20<PT<=40,0.4<ICC<=0.5,AL>1.5,CL>0.5,50<MEMBRANE<=125,EW<=900,DISQUALIFIED,1.596
30<TEMP<=40,2<PRESS<=3,3<FR<=6,5<AA<=25,85<IR<100,RU FREE,0<O<=15,0.4<ICA<=0.5,20<PT<=40,0.4<ICC<=0.5,AL>1.5,CL>0.5,50<MEMBRANE<=125,EW<=900,QUALIFIED,2.024
50<TEMP<=60,2<PRESS<=3,3<FR<=6,5<AA<=25,85<IR<100,RU FREE,0<O<=15,0.4<ICA<=0.5,20<PT<=40,0.4<ICC<=0.5,AL>1.5,CL>0.5,50<MEMBRANE<=125,EW<=900,QUALIFIED,2.724
70<TEMP<=80,2<PRESS<=3,3<FR<=6,5<AA<=25,85<IR<100,RU FREE,0<O<=15,0.4<ICA<=0.5,20<PT<=40,0.4<ICC<=0.5,AL>1.5,CL>0.5,50<MEMBRANE<=125,EW<=900,QUALIFIED,3.964
80<TEMP<=90,2<PRESS<=3,3<FR<=6,5<AA<=25,85<IR<100,RU FREE,0<O<=15,0.4<ICA<=0.5,20<PT<=40,0.4<ICC<=0.5,AL>1.5,CL>0.5,50<MEMBRANE<=125,EW<=900,QUALIFIED,4.188
90<TEMP<=100,2<PRESS<=3,3<FR<=6,5<AA<=25,85<IR<100,RU FREE,0<O<=15,0.4<ICA<=0.5,20<PT<=40,0.4<ICC<=0.5,AL>1.5,CL>0.5,50<MEMBRANE<=125,EW<=900,QUALIFIED,4.957
TEMP>100,2<PRESS<=3,3<FR<=6,5<AA<=25,85<IR<100,RU FREE,0<O<=15,0.4<ICA<=0.5,20<PT<=40,0.4<ICC<=0.5,AL>1.5,CL>0.5,50<MEMBRANE<=125,EW<=900,QUALIFIED,4.689
TEMP>100,2<PRESS<=3,3<FR<=6,5<AA<=25,85<IR<100,RU FREE,0<O<=15,0.4<ICA<=0.5,20<PT<=40,0.4<ICC<=0.5,AL>1.5,CL>0.5,50<MEMBRANE<=125,EW<=900,QUALIFIED,4.58
TEMP<=30,2<PRESS<=3,3<FR<=6,5<AA<=25,85<IR<100,RU FREE,0<O<=15,0.4<ICA<=0.5,20<PT<=40,0.4<ICC<=0.5,AL>1.5,CL>0.5,50<MEMBRANE<=125,EW<=900,DISQUALIFIED,1.141
30<TEMP<=40,2<PRESS<=3,3<FR<=6,5<AA<=25,85<IR<100,RU FREE,0<O<=15,0.4<ICA<=0.5,20<PT<=40,0.4<ICC<=0.5,AL>1.5,CL>0.5,50<MEMBRANE<=125,EW<=900,DISQUALIFIED,1.385
50<TEMP<=60,2<PRESS<=3,3<FR<=6,5<AA<=25,85<IR<100,RU FREE,0<O<=15,0.4<ICA<=0.5,20<PT<=40,0.4<ICC<=0.5,AL>1.5,CL>0.5,50<MEMBRANE<=125,EW<=900,DISQUALIFIED,1.809
70<TEMP<=80,2<PRESS<=3,3<FR<=6,5<AA<=25,85<IR<100,RU FREE,0<O<=15,0.4<ICA<=0.5,20<PT<=40,0.4<ICC<=0.5,AL>1.5,CL>0.5,50<MEMBRANE<=125,EW<=900,QUALIFIED,2.326
80<TEMP<=90,2<PRESS<=3,3<FR<=6,5<AA<=25,85<IR<100,RU FREE,0<O<=15,0.4<ICA<=0.5,20<PT<=40,0.4<ICC<=0.5,AL>1.5,CL>0.5,50<MEMBRANE<=125,EW<=900,QUALIFIED,2.527
90<TEMP<=100,2<PRESS<=3,3<FR<=6,5<AA<=25,85<IR<100,RU FREE,0<O<=15,0.4<ICA<=0.5,20<PT<=40,0.4<ICC<=0.5,AL>1.5,CL>0.5,50<MEMBRANE<=125,EW<=900,QUALIFIED,2.619
TEMP>100,2<PRESS<=3,3<FR<=6,5<AA<=25,85<IR<100,RU FREE,0<O<=15,0.4<ICA<=0.5,20<PT<=40,0.4<ICC<=0.5,AL>1.5,CL>0.5,50<MEMBRANE<=125,EW<=900,QUALIFIED,2.596
TEMP>100,2<PRESS<=3,3<FR<=6,5<AA<=25,85<IR<100,RU FREE,0<O<=15,0.4<ICA<=0.5,20<PT<=40,0.4<ICC<=0.5,AL>1.5,CL>0.5,50<MEMBRANE<=125,EW<=900,QUALIFIED,3.033
70<TEMP<=80,2<PRESS<=3,3<FR<=6,5<AA<=25,85<IR<100,RU FREE,0<O<=15,0.4<ICA<=0.5,20<PT<=40,0.4<ICC<=0.5,AL>1.5,CL>0.5,50<MEMBRANE<=125,EW<=900,QUALIFIED,3.04
90<TEMP<=100,2<PRESS<=3,3<FR<=6,5<AA<=25,85<IR<100,RU FREE,0<O<=15,0.4<ICA<=0.5,20<PT<=40,0.4<ICC<=0.5,AL>1.5,CL>0.5,50<MEMBRANE<=125,EW<=900,QUALIFIED,3.43
TEMP>100,2<PRESS<=3,3<FR<=6,5<AA<=25,85<IR<100,RU FREE,0<O<=15,0.4<ICA<=0.5,20<PT<=40,0.4<ICC<=0.5,AL>1.5,CL>0.5,50<MEMBRANE<=125,EW<=900,QUALIFIED,3.672
TEMP>100,2<PRESS<=3,3<FR<=6,5<AA<=25,85<IR<100,RU FREE,0<O<=15,0.4<ICA<=0.5,20<PT<=40,0.4<ICC<=0.5,AL>1.5,CL>0.5,50<MEMBRANE<=125,EW<=900,QUALIFIED,4.052
70<TEMP<=80,PRESS=1,FR<=3,AA<=5,85<IR<100,RU FREE,0<O<=15,0.2<ICA<=0.3,20<PT<=40,0<ICC<=0.3,AL>1.5,0<CL<=0.25,50<MEMBRANE<=125,1000<EW<=1100,QUALIFIED,2.909
70<TEMP<=80,PRESS=1,FR<=3,AA<=5,50<IR<=75,0<RU<=25,0<O<=15,0.2<ICA<=0.3,20<PT<=40,0<ICC<=0.3,AL>1.5,CL>0.5,50<MEMBRANE<=125,1000<EW<=1100,QUALIFIED,3.006
70<TEMP<=80,PRESS=1,3<FR<=6,AA<=5,50<IR<=75,0<RU<=25,0<O<=15,0.2<ICA<=0.3,20<PT<=40,0.4<ICC<=0.5,1<AL<=1.5,0.25<CL<=0.5,50<MEMBRANE<=125,1000<EW<=1100,QUALIFIED,3.029
70<TEMP<=80,PRESS=1,3<FR<=6,AA<=5,50<IR<=75,0<RU<=25,0<O<=15,0.2<ICA<=0.3,20<PT<=40,0.4<ICC<=0.5,1<AL<=1.5,0.25<CL<=0.5,50<MEMBRANE<=125,EW>1100,QUALIFIED,3.431
90<TEMP<=100,PRESS=1,3<FR<=6,AA<=5,50<IR<=75,0<RU<=25,0<O<=15,0.2<ICA<=0.3,20<PT<=40,0.4<ICC<=0.5,1<AL<=1.5,0.25<CL<=0.5,50<MEMBRANE<=125,1000<EW<=1100,QUALIFIED,3.014
90<TEMP<=100,PRESS=1,3<FR<=6,AA<=5,50<IR<=75,0<RU<=25,0<O<=15,0.2<ICA<=0.3,20<PT<=40,0.4<ICC<=0.5,1<AL<=1.5,0.25<CL<=0.5,50<MEMBRANE<=125,EW>1100,QUALIFIED,4.013
70<TEMP<=80,PRESS=1,6<FR<=24,AA<=5,50<IR<=75,0<RU<=25,0<O<=15,0.1<ICA<=0.2,PURE PT,0<ICC<=0.3,AL>1.5,CL>0.5,50<MEMBRANE<=125,1000<EW<=1100,QUALIFIED,4.3
70<TEMP<=80,PRESS=1,6<FR<=24,AA<=5,50<IR<=75,0<RU<=25,0<O<=15,0.1<ICA<=0.2,PURE PT,0<ICC<=0.3,AL>1.5,CL>0.5,50<MEMBRANE<=125,1000<EW<=1100,QUALIFIED,5.18
70<TEMP<=80,PRESS=1,6<FR<=24,AA<=5,50<IR<=75,0<RU<=25,0<O<=15,0.1<ICA<=0.2,PURE PT,0<ICC<=0.3,AL>1.5,CL>0.5,50<MEMBRANE<=125,1000<EW<=1100,QUALIFIED,5.704
70<TEMP<=80,PRESS=1,6<FR<=24,AA<=5,50<IR<=75,0<RU<=25,0<O<=15,0.1<ICA<=0.2,PURE PT,0<ICC<=0.3,AL>1.5,CL>0.5,50<MEMBRANE<=125,1000<EW<=1100,QUALIFIED,5.146
70<TEMP<=80,PRESS=1,FR<=3,AA<=5,50<IR<=75,0<RU<=25,0<O<=15,0.1<ICA<=0.2,20<PT<=40,0.3<ICC<=0.4,0.25<AL<=0.5,0<CL<=0.25,50<MEMBRANE<=125,900<EW<=1000,QUALIFIED,4.50965
70<TEMP<=80,PRESS=1,3<FR<=6,AA<=5,50<IR<=75,RU FREE,15<O<=25,0.1<ICA<=0.2,40<PT<=60,0<ICC<=0.3,AL>1.5,0.25<CL<=0.5,25<MEMBRANE<=50,1000<EW<=1100,QUALIFIED,6.95986
70<TEMP<=80,PRESS=1,3<FR<=6,AA<=5,50<IR<=75,RU FREE,15<O<=25,0.1<ICA<=0.2,0<PT<=20,0<ICC<=0.3,AL>1.5,0<CL<=0.25,25<MEMBRANE<=50,1000<EW<=1100,QUALIFIED,6.28665
70<TEMP<=80,PRESS=1,3<FR<=6,AA<=5,50<IR<=75,RU FREE,15<O<=25,0.1<ICA<=0.2,0<PT<=20,0<ICC<=0.3,AL<=0.25,0<CL<=0.25,25<MEMBRANE<=50,1000<EW<=1100,QUALIFIED,3.48153
70<TEMP<=80,PRESS=1,3<FR<=6,AA<=5,50<IR<=75,RU FREE,15<O<=25,0.1<ICA<=0.2,0<PT<=20,0<ICC<=0.3,AL>1.5,0<CL<=0.25,25<MEMBRANE<=50,1000<EW<=1100,QUALIFIED,5.4609
70<TEMP<=80,2<PRESS<=3,FR>24,5<AA<=25,85<IR<100,RU FREE,0<O<=15,0.1<ICA<=0.2,20<PT<=40,0.4<ICC<=0.5,0.75<AL<=1,0.25<CL<=0.5,125<MEMBRANE<=175,1000<EW<=1100,DISQUALIFIED,0.36438
TEMP<=30,PRESS=1,6<FR<=24,AA<=5,75<IR<=85,0<RU<=25,15<O<=25,0.75<ICA<1.5,40<PT<=60,0.3<ICC<=0.4,AL>1.5,0.25<CL<=0.5,50<MEMBRANE<=125,1000<EW<=1100,DISQUALIFIED,0.33727
TEMP<=30,PRESS=1,6<FR<=24,AA<=5,75<IR<=85,0<RU<=25,15<O<=25,0.75<ICA<1.5,40<PT<=60,0.3<ICC<=0.4,AL>1.5,0.25<CL<=0.5,50<MEMBRANE<=125,1000<EW<=1100,DISQUALIFIED,0.37294
TEMP<=30,PRESS=1,FR>24,AA<=5,75<IR<=85,0<RU<=25,15<O<=25,0.75<ICA<1.5,40<PT<=60,0.3<ICC<=0.4,AL>1.5,0.25<CL<=0.5,50<MEMBRANE<=125,1000<EW<=1100,DISQUALIFIED,0.63375
50<TEMP<=60,PRESS>3,FR>24,5<AA<=25,75<IR<=85,0<RU<=25,15<O<=25,0.75<ICA<1.5,40<PT<=60,0.3<ICC<=0.4,1<AL<=1.5,0.25<CL<=0.5,50<MEMBRANE<=125,1000<EW<=1100,DISQUALIFIED,1.09187
50<TEMP<=60,PRESS>3,FR>24,5<AA<=25,75<IR<=85,0<RU<=25,15<O<=25,0.75<ICA<1.5,40<PT<=60,0.3<ICC<=0.4,1<AL<=1.5,0.25<CL<=0.5,125<MEMBRANE<=175,1000<EW<=1100,DISQUALIFIED,0.82784
50<TEMP<=60,PRESS>3,FR>24,5<AA<=25,75<IR<=85,0<RU<=25,15<O<=25,0.75<ICA<1.5,40<PT<=60,0.3<ICC<=0.4,1<AL<=1.5,0.25<CL<=0.5,50<MEMBRANE<=125,1000<EW<=1100,DISQUALIFIED,1.38934
50<TEMP<=60,PRESS>3,FR>24,5<AA<=25,75<IR<=85,0<RU<=25,15<O<=25,0.75<ICA<1.5,40<PT<=60,0.3<ICC<=0.4,1<AL<=1.5,0.25<CL<=0.5,125<MEMBRANE<=175,1000<EW<=1100,DISQUALIFIED,0.86783
50<TEMP<=60,PRESS>3,FR>24,5<AA<=25,75<IR<=85,0<RU<=25,15<O<=25,0.75<ICA<1.5,40<PT<=60,0.3<ICC<=0.4,1<AL<=1.5,0.25<CL<=0.5,125<MEMBRANE<=175,1000<EW<=1100,DISQUALIFIED,1.33994
50<TEMP<=60,PRESS>3,FR>24,5<AA<=25,75<IR<=85,0<RU<=25,15<O<=25,0.75<ICA<1.5,40<PT<=60,0.3<ICC<=0.4,1<AL<=1.5,0.25<CL<=0.5,125<MEMBRANE<=175,1000<EW<=1100,DISQUALIFIED,1.21902
50<TEMP<=60,PRESS=1,FR>24,5<AA<=25,75<IR<=85,0<RU<=25,15<O<=25,0.75<ICA<1.5,40<PT<=60,0.3<ICC<=0.4,1<AL<=1.5,0.25<CL<=0.5,125<MEMBRANE<=175,1000<EW<=1100,DISQUALIFIED,1.48334
70<TEMP<=80,PRESS=1,3<FR<=6,5<AA<=25,85<IR<100,RU FREE,0<O<=15,0.1<ICA<=0.2,40<PT<=60,0.3<ICC<=0.4,AL<=0.25,0<CL<=0.25,50<MEMBRANE<=125,1000<EW<=1100,DISQUALIFIED,1.31522
70<TEMP<=80,PRESS=1,3<FR<=6,5<AA<=25,85<IR<100,RU FREE,0<O<=15,0.1<ICA<=0.2,40<PT<=60,0.3<ICC<=0.4,AL<=0.25,0<CL<=0.25,50<MEMBRANE<=125,1000<EW<=1100,DISQUALIFIED,1.62639
70<TEMP<=80,PRESS=1,3<FR<=6,5<AA<=25,85<IR<100,RU FREE,0<O<=15,0.1<ICA<=0.2,40<PT<=60,0.3<ICC<=0.4,AL<=0.25,0<CL<=0.25,50<MEMBRANE<=125,1000<EW<=1100,DISQUALIFIED,1.91488
70<TEMP<=80,PRESS=1,3<FR<=6,5<AA<=25,85<IR<100,RU FREE,0<O<=15,0.1<ICA<=0.2,40<PT<=60,0.3<ICC<=0.4,0.25<AL<=0.5,0<CL<=0.25,50<MEMBRANE<=125,1000<EW<=1100,QUALIFIED,2.12646
70<TEMP<=80,PRESS=1,3<FR<=6,5<AA<=25,85<IR<100,RU FREE,0<O<=15,0.1<ICA<=0.2,40<PT<=60,0.3<ICC<=0.4,0.5<AL<=0.75,0<CL<=0.25,50<MEMBRANE<=125,1000<EW<=1100,QUALIFIED,2.36018
70<TEMP<=80,PRESS=1,3<FR<=6,5<AA<=25,85<IR<100,RU FREE,0<O<=15,0.1<ICA<=0.2,40<PT<=60,0.3<ICC<=0.4,1<AL<=1.5,0<CL<=0.25,50<MEMBRANE<=125,1000<EW<=1100,QUALIFIED,2.36018
70<TEMP<=80,PRESS=1,FR>24,AA>25,25<IR<=50,RU FREE,O FREE,ICA=0,40<PT<=60,ICC=0,AL<=0.25,0<CL<=0.25,125<MEMBRANE<=175,1000<EW<=1100,QUALIFIED,2.21294
70<TEMP<=80,PRESS=1,FR>24,AA>25,IR FREE,RU FREE,O FREE,ICA=0,60<PT<100,ICC=0,AL<=0.25,0<CL<=0.25,125<MEMBRANE<=175,1000<EW<=1100,DISQUALIFIED,1.9526
TEMP<=30,PRESS=1,FR>24,AA<=5,50<IR<=75,0<RU<=25,0<O<=15,0.5<ICA<=0.75,PURE PT,1<ICC<=2,AL>1.5,CL>0.5,50<MEMBRANE<=125,1000<EW<=1100,DISQUALIFIED,0.64536
50<TEMP<=60,PRESS=1,FR>24,5<AA<=25,85<IR<100,RU FREE,0<O<=15,0.3<ICA<=0.4,PURE PT,0.3<ICC<=0.4,AL>1.5,CL>0.5,125<MEMBRANE<=175,1000<EW<=1100,QUALIFIED,2.37546
70<TEMP<=80,PRESS=1,FR>24,5<AA<=25,85<IR<100,RU FREE,0<O<=15,0.3<ICA<=0.4,PURE PT,0<ICC<=0.3,AL>1.5,CL>0.5,125<MEMBRANE<=175,1000<EW<=1100,QUALIFIED,2.36893
TEMP<=30,PRESS=1,FR>24,5<AA<=25,IR FREE,50<RU<=75,15<O<=25,0.75<ICA<1.5,PT FREE,0.7<ICC<=1,AL>1.5,CL>0.5,50<MEMBRANE<=125,1000<EW<=1100,DISQUALIFIED,0.89438
30<TEMP<=40,PRESS=1,FR>24,5<AA<=25,IR FREE,50<RU<=75,15<O<=25,0.75<ICA<1.5,PT FREE,0.7<ICC<=1,AL>1.5,CL>0.5,50<MEMBRANE<=125,1000<EW<=1100,DISQUALIFIED,1.00546
40<TEMP<=50,PRESS=1,FR>24,5<AA<=25,IR FREE,50<RU<=75,15<O<=25,0.75<ICA<1.5,PT FREE,0.7<ICC<=1,AL>1.5,CL>0.5,50<MEMBRANE<=125,1000<EW<=1100,DISQUALIFIED,1.09833
50<TEMP<=60,PRESS=1,FR>24,5<AA<=25,IR FREE,50<RU<=75,15<O<=25,0.75<ICA<1.5,PT FREE,1<ICC<=2,AL>1.5,CL>0.5,50<MEMBRANE<=125,1000<EW<=1100,DISQUALIFIED,1.16716
60<TEMP<=70,PRESS=1,FR>24,5<AA<=25,IR FREE,50<RU<=75,15<O<=25,0.75<ICA<1.5,PT FREE,1<ICC<=2,AL>1.5,CL>0.5,50<MEMBRANE<=125,1000<EW<=1100,DISQUALIFIED,1.25566
70<TEMP<=80,PRESS=1,FR>24,5<AA<=25,IR FREE,50<RU<=75,15<O<=25,0.75<ICA<1.5,PT FREE,1<ICC<=2,AL>1.5,CL>0.5,50<MEMBRANE<=125,1000<EW<=1100,DISQUALIFIED,1.33834
40<TEMP<=50,PRESS=1,FR>24,5<AA<=25,85<IR<100,RU FREE,0<O<=15,0.1<ICA<=0.2,PURE PT,0<ICC<=0.3,AL>1.5,0<CL<=0.25,125<MEMBRANE<=175,1000<EW<=1100,DISQUALIFIED,1.55378
40<TEMP<=50,PRESS=1,FR>24,5<AA<=25,85<IR<100,RU FREE,0<O<=15,0.1<ICA<=0.2,PURE PT,0<ICC<=0.3,AL<=0.25,0<CL<=0.25,125<MEMBRANE<=175,1000<EW<=1100,DISQUALIFIED,1.4663
40<TEMP<=50,PRESS=1,FR>24,5<AA<=25,85<IR<100,RU FREE,0<O<=15,0.1<ICA<=0.2,PURE PT,0<ICC<=0.3,AL>1.5,0<CL<=0.25,125<MEMBRANE<=175,1000<EW<=1100,DISQUALIFIED,1.79981
70<TEMP<=80,PRESS=1,FR<=3,AA<=5,IR<=25,RU FREE,0<O<=15,0.4<ICA<=0.5,40<PT<=60,0.4<ICC<=0.5,0.25<AL<=0.5,0.25<CL<=0.5,125<MEMBRANE<=175,1000<EW<=1100,QUALIFIED,2.72481
80<TEMP<=90,PRESS=1,6<FR<=24,AA<=5,85<IR<100,RU FREE,0<O<=15,0<ICA<=0.1,40<PT<=60,0.3<ICC<=0.4,AL<=0.25,0.25<CL<=0.5,25<MEMBRANE<=50,1000<EW<=1100,QUALIFIED,2.69556
70<TEMP<=80,PRESS=1,6<FR<=24,AA<=5,50<IR<=75,0<RU<=25,0<O<=15,0.3<ICA<=0.4,60<PT<100,0.3<ICC<=0.4,AL>1.5,CL>0.5,125<MEMBRANE<=175,1000<EW<=1100,QUALIFIED,2.61749
70<TEMP<=80,PRESS=1,FR<=3,AA<=5,85<IR<100,RU FREE,0<O<=15,0.4<ICA<=0.5,20<PT<=40,0.4<ICC<=0.5,AL>1.5,CL>0.5,50<MEMBRANE<=125,1000<EW<=1100,DISQUALIFIED,1.35732
80<TEMP<=90,PRESS=1,FR<=3,AA<=5,85<IR<100,RU FREE,0<O<=15,0.4<ICA<=0.5,20<PT<=40,0.4<ICC<=0.5,AL>1.5,CL>0.5,50<MEMBRANE<=125,1000<EW<=1100,DISQUALIFIED,1.17166
90<TEMP<=100,PRESS=1,FR<=3,AA<=5,85<IR<100,RU FREE,0<O<=15,0.4<ICA<=0.5,20<PT<=40,0.4<ICC<=0.5,AL>1.5,CL>0.5,50<MEMBRANE<=125,1000<EW<=1100,DISQUALIFIED,1.35647
TEMP>100,PRESS=1,FR<=3,AA<=5,85<IR<100,RU FREE,0<O<=15,0.4<ICA<=0.5,20<PT<=40,0.4<ICC<=0.5,AL>1.5,CL>0.5,50<MEMBRANE<=125,1000<EW<=1100,DISQUALIFIED,0.78504
TEMP>100,PRESS=1,FR<=3,AA<=5,85<IR<100,RU FREE,0<O<=15,0.4<ICA<=0.5,20<PT<=40,0.4<ICC<=0.5,AL>1.5,CL>0.5,50<MEMBRANE<=125,1000<EW<=1100,DISQUALIFIED,0.30477
70<TEMP<=80,PRESS=1,FR<=3,AA<=5,85<IR<100,RU FREE,0<O<=15,0.4<ICA<=0.5,20<PT<=40,0.4<ICC<=0.5,AL>1.5,CL>0.5,50<MEMBRANE<=125,900<EW<=1000,DISQUALIFIED,1.70546
80<TEMP<=90,PRESS=1,FR<=3,AA<=5,85<IR<100,RU FREE,0<O<=15,0.4<ICA<=0.5,20<PT<=40,0.4<ICC<=0.5,AL>1.5,CL>0.5,50<MEMBRANE<=125,900<EW<=1000,QUALIFIED,2.2074
90<TEMP<=100,PRESS=1,FR<=3,AA<=5,85<IR<100,RU FREE,0<O<=15,0.4<ICA<=0.5,20<PT<=40,0.4<ICC<=0.5,AL>1.5,CL>0.5,50<MEMBRANE<=125,900<EW<=1000,QUALIFIED,2.30758
TEMP>100,PRESS=1,FR<=3,AA<=5,85<IR<100,RU FREE,0<O<=15,0.4<ICA<=0.5,20<PT<=40,0.4<ICC<=0.5,AL>1.5,CL>0.5,50<MEMBRANE<=125,900<EW<=1000,DISQUALIFIED,1.16564
TEMP>100,PRESS=1,FR<=3,AA<=5,85<IR<100,RU FREE,0<O<=15,0.4<ICA<=0.5,20<PT<=40,0.4<ICC<=0.5,AL>1.5,CL>0.5,50<MEMBRANE<=125,900<EW<=1000,DISQUALIFIED,0.49279
70<TEMP<=80,2<PRESS<=3,FR<=3,AA<=5,85<IR<100,RU FREE,0<O<=15,0.4<ICA<=0.5,20<PT<=40,0.4<ICC<=0.5,AL>1.5,CL>0.5,50<MEMBRANE<=125,1000<EW<=1100,DISQUALIFIED,1.13792
80<TEMP<=90,2<PRESS<=3,FR<=3,AA<=5,85<IR<100,RU FREE,0<O<=15,0.4<ICA<=0.5,20<PT<=40,0.4<ICC<=0.5,AL>1.5,CL>0.5,50<MEMBRANE<=125,1000<EW<=1100,DISQUALIFIED,1.25382
90<TEMP<=100,2<PRESS<=3,FR<=3,AA<=5,85<IR<100,RU FREE,0<O<=15,0.4<ICA<=0.5,20<PT<=40,0.4<ICC<=0.5,AL>1.5,CL>0.5,50<MEMBRANE<=125,1000<EW<=1100,DISQUALIFIED,1.43632
TEMP>100,2<PRESS<=3,FR<=3,AA<=5,85<IR<100,RU FREE,0<O<=15,0.4<ICA<=0.5,20<PT<=40,0.4<ICC<=0.5,AL>1.5,CL>0.5,50<MEMBRANE<=125,1000<EW<=1100,DISQUALIFIED,1.37768
TEMP>100,2<PRESS<=3,FR<=3,AA<=5,85<IR<100,RU FREE,0<O<=15,0.4<ICA<=0.5,20<PT<=40,0.4<ICC<=0.5,AL>1.5,CL>0.5,50<MEMBRANE<=125,1000<EW<=1100,DISQUALIFIED,0.91382
70<TEMP<=80,2<PRESS<=3,FR<=3,AA<=5,85<IR<100,RU FREE,0<O<=15,0.4<ICA<=0.5,20<PT<=40,0.4<ICC<=0.5,AL>1.5,CL>0.5,50<MEMBRANE<=125,900<EW<=1000,DISQUALIFIED,1.98478
80<TEMP<=90,2<PRESS<=3,FR<=3,AA<=5,85<IR<100,RU FREE,0<O<=15,0.4<ICA<=0.5,20<PT<=40,0.4<ICC<=0.5,AL>1.5,CL>0.5,50<MEMBRANE<=125,900<EW<=1000,QUALIFIED,2.12456
90<TEMP<=100,2<PRESS<=3,FR<=3,AA<=5,85<IR<100,RU FREE,0<O<=15,0.4<ICA<=0.5,20<PT<=40,0.4<ICC<=0.5,AL>1.5,CL>0.5,50<MEMBRANE<=125,900<EW<=1000,QUALIFIED,2.31572
TEMP>100,2<PRESS<=3,FR<=3,AA<=5,85<IR<100,RU FREE,0<O<=15,0.4<ICA<=0.5,20<PT<=40,0.4<ICC<=0.5,AL>1.5,CL>0.5,50<MEMBRANE<=125,900<EW<=1000,QUALIFIED,2.53091
TEMP>100,2<PRESS<=3,FR<=3,AA<=5,85<IR<100,RU FREE,0<O<=15,0.4<ICA<=0.5,20<PT<=40,0.4<ICC<=0.5,AL>1.5,CL>0.5,50<MEMBRANE<=125,900<EW<=1000,QUALIFIED,2.52474
70<TEMP<=80,PRESS>3,FR<=3,AA<=5,PURE IR,RU FREE,O FREE,0.1<ICA<=0.2,60<PT<100,0.4<ICC<=0.5,AL<=0.25,CL>0.5,50<MEMBRANE<=125,1000<EW<=1100,QUALIFIED,2.02864
70<TEMP<=80,PRESS>3,FR<=3,AA<=5,PURE IR,RU FREE,O FREE,0<ICA<=0.1,60<PT<100,0.4<ICC<=0.5,AL<=0.25,CL>0.5,50<MEMBRANE<=125,1000<EW<=1100,QUALIFIED,2.23334
70<TEMP<=80,PRESS>3,FR<=3,AA<=5,PURE IR,RU FREE,O FREE,0<ICA<=0.1,60<PT<100,0.3<ICC<=0.4,AL<=0.25,CL>0.5,50<MEMBRANE<=125,1000<EW<=1100,QUALIFIED,2.37391
70<TEMP<=80,PRESS=1,FR>24,AA>25,85<IR<100,RU FREE,0<O<=15,ICA>1.5,40<PT<=60,1<ICC<=2,0.75<AL<=1,0.25<CL<=0.5,125<MEMBRANE<=175,1000<EW<=1100,DISQUALIFIED,1.31555
70<TEMP<=80,PRESS=1,6<FR<=24,AA<=5,PURE IR,RU FREE,O FREE,0.1<ICA<=0.2,0<PT<=20,0.4<ICC<=0.5,AL>1.5,0.25<CL<=0.5,50<MEMBRANE<=125,EW<=900,DISQUALIFIED,1.66186
70<TEMP<=80,PRESS=1,3<FR<=6,AA<=5,PURE IR,RU FREE,O FREE,0.1<ICA<=0.2,0<PT<=20,0.4<ICC<=0.5,AL>1.5,0.25<CL<=0.5,50<MEMBRANE<=125,1000<EW<=1100,QUALIFIED,2.33212
70<TEMP<=80,PRESS=1,FR<=3,5<AA<=25,85<IR<100,RU FREE,0<O<=15,0.4<ICA<=0.5,20<PT<=40,0.4<ICC<=0.5,AL>1.5,CL>0.5,50<MEMBRANE<=125,1000<EW<=1100,DISQUALIFIED,1.99984
70<TEMP<=80,2<PRESS<=3,FR<=3,5<AA<=25,85<IR<100,RU FREE,0<O<=15,0.4<ICA<=0.5,20<PT<=40,0.4<ICC<=0.5,AL>1.5,CL>0.5,50<MEMBRANE<=125,1000<EW<=1100,QUALIFIED,2.09904
TEMP>100,PRESS=1,FR<=3,5<AA<=25,85<IR<100,RU FREE,0<O<=15,0.4<ICA<=0.5,20<PT<=40,0.4<ICC<=0.5,AL>1.5,CL>0.5,50<MEMBRANE<=125,EW>1100,DISQUALIFIED,0.99994
TEMP>100,2<PRESS<=3,FR<=3,AA<=5,85<IR<100,RU FREE,0<O<=15,0.4<ICA<=0.5,20<PT<=40,0.4<ICC<=0.5,AL>1.5,CL>0.5,50<MEMBRANE<=125,EW>1100,DISQUALIFIED,1.4673
TEMP<=30,PRESS=1,FR<=3,AA<=5,50<IR<=75,0<RU<=25,0<O<=15,0.1<ICA<=0.2,20<PT<=40,0.3<ICC<=0.4,0.25<AL<=0.5,0<CL<=0.25,50<MEMBRANE<=125,900<EW<=1000,QUALIFIED,2.662
30<TEMP<=40,PRESS=1,FR<=3,AA<=5,50<IR<=75,0<RU<=25,0<O<=15,0.1<ICA<=0.2,20<PT<=40,0.3<ICC<=0.4,0.25<AL<=0.5,0<CL<=0.25,50<MEMBRANE<=125,900<EW<=1000,QUALIFIED,3.2036
40<TEMP<=50,PRESS=1,3<FR<=6,AA<=5,50<IR<=75,0<RU<=25,0<O<=15,0.1<ICA<=0.2,20<PT<=40,0.3<ICC<=0.4,0.25<AL<=0.5,0<CL<=0.25,50<MEMBRANE<=125,900<EW<=1000,QUALIFIED,3.85536
50<TEMP<=60,PRESS=1,3<FR<=6,AA<=5,50<IR<=75,0<RU<=25,0<O<=15,0.1<ICA<=0.2,20<PT<=40,0.3<ICC<=0.4,0.25<AL<=0.5,0<CL<=0.25,50<MEMBRANE<=125,900<EW<=1000,QUALIFIED,4.36433
60<TEMP<=70,PRESS=1,3<FR<=6,AA<=5,50<IR<=75,0<RU<=25,0<O<=15,0.1<ICA<=0.2,20<PT<=40,0.3<ICC<=0.4,0.25<AL<=0.5,0<CL<=0.25,50<MEMBRANE<=125,900<EW<=1000,QUALIFIED,4.9049
70<TEMP<=80,PRESS=1,3<FR<=6,AA<=5,50<IR<=75,0<RU<=25,0<O<=15,0.1<ICA<=0.2,20<PT<=40,0.3<ICC<=0.4,0.25<AL<=0.5,0<CL<=0.25,50<MEMBRANE<=125,900<EW<=1000,QUALIFIED,5.44752
80<TEMP<=90,PRESS=1,3<FR<=6,AA<=5,50<IR<=75,0<RU<=25,0<O<=15,0.1<ICA<=0.2,20<PT<=40,0.3<ICC<=0.4,0.25<AL<=0.5,0<CL<=0.25,50<MEMBRANE<=125,900<EW<=1000,QUALIFIED,5.78513
TEMP<=30,PRESS=1,FR<=3,AA<=5,50<IR<=75,0<RU<=25,0<O<=15,0.1<ICA<=0.2,20<PT<=40,0.3<ICC<=0.4,0.25<AL<=0.5,0<CL<=0.25,50<MEMBRANE<=125,900<EW<=1000,QUALIFIED,2.66486
30<TEMP<=40,PRESS=1,FR<=3,AA<=5,50<IR<=75,0<RU<=25,0<O<=15,0.1<ICA<=0.2,20<PT<=40,0.3<ICC<=0.4,0.25<AL<=0.5,0<CL<=0.25,50<MEMBRANE<=125,900<EW<=1000,QUALIFIED,3.23963
40<TEMP<=50,PRESS=1,3<FR<=6,AA<=5,50<IR<=75,0<RU<=25,0<O<=15,0.1<ICA<=0.2,20<PT<=40,0.3<ICC<=0.4,0.25<AL<=0.5,0<CL<=0.25,50<MEMBRANE<=125,900<EW<=1000,QUALIFIED,3.75884
50<TEMP<=60,PRESS=1,FR<=3,AA<=5,50<IR<=75,0<RU<=25,0<O<=15,0.1<ICA<=0.2,20<PT<=40,0.3<ICC<=0.4,0.25<AL<=0.5,0<CL<=0.25,50<MEMBRANE<=125,900<EW<=1000,QUALIFIED,3.98013
60<TEMP<=70,PRESS=1,3<FR<=6,AA<=5,50<IR<=75,0<RU<=25,0<O<=15,0.1<ICA<=0.2,20<PT<=40,0.3<ICC<=0.4,0.25<AL<=0.5,0<CL<=0.25,50<MEMBRANE<=125,900<EW<=1000,QUALIFIED,4.63633
70<TEMP<=80,PRESS=1,3<FR<=6,AA<=5,50<IR<=75,0<RU<=25,0<O<=15,0.1<ICA<=0.2,20<PT<=40,0.3<ICC<=0.4,0.25<AL<=0.5,0<CL<=0.25,50<MEMBRANE<=125,900<EW<=1000,QUALIFIED,5.07412
80<TEMP<=90,PRESS=1,3<FR<=6,AA<=5,50<IR<=75,0<RU<=25,0<O<=15,0.1<ICA<=0.2,20<PT<=40,0.3<ICC<=0.4,0.25<AL<=0.5,0<CL<=0.25,50<MEMBRANE<=125,900<EW<=1000,QUALIFIED,5.53393
80<TEMP<=90,PRESS=1,6<FR<=24,AA<=5,85<IR<100,RU FREE,0<O<=15,ICA=0,40<PT<=60,0.4<ICC<=0.5,AL<=0.25,0.25<CL<=0.5,25<MEMBRANE<=50,1000<EW<=1100,DISQUALIFIED,1.19879
80<TEMP<=90,PRESS=1,6<FR<=24,AA<=5,85<IR<100,RU FREE,0<O<=15,ICA=0,40<PT<=60,0.3<ICC<=0.4,AL<=0.25,0.25<CL<=0.5,25<MEMBRANE<=50,1000<EW<=1100,QUALIFIED,2.27816
80<TEMP<=90,PRESS=1,6<FR<=24,AA<=5,85<IR<100,RU FREE,0<O<=15,ICA=0,40<PT<=60,0.3<ICC<=0.4,AL<=0.25,0.25<CL<=0.5,25<MEMBRANE<=50,1000<EW<=1100,QUALIFIED,2.70046
80<TEMP<=90,PRESS=1,6<FR<=24,AA<=5,85<IR<100,RU FREE,0<O<=15,ICA=0,40<PT<=60,0.3<ICC<=0.4,AL<=0.25,0.25<CL<=0.5,25<MEMBRANE<=50,1000<EW<=1100,QUALIFIED,2.09627
80<TEMP<=90,PRESS=1,6<FR<=24,AA<=5,85<IR<100,RU FREE,0<O<=15,ICA=0,40<PT<=60,0.4<ICC<=0.5,0.25<AL<=0.5,0.25<CL<=0.5,25<MEMBRANE<=50,1000<EW<=1100,DISQUALIFIED,1.49207
50<TEMP<=60,PRESS=1,FR>24,AA<=5,85<IR<100,RU FREE,0<O<=15,0.1<ICA<=0.2,20<PT<=40,0<ICC<=0.3,1<AL<=1.5,CL>0.5,125<MEMBRANE<=175,1000<EW<=1100,DISQUALIFIED,1.76292
50<TEMP<=60,PRESS=1,FR>24,AA<=5,85<IR<100,RU FREE,0<O<=15,0.1<ICA<=0.2,20<PT<=40,0<ICC<=0.3,1<AL<=1.5,CL>0.5,125<MEMBRANE<=175,1000<EW<=1100,DISQUALIFIED,1.94505
50<TEMP<=60,PRESS=1,FR>24,AA<=5,85<IR<100,RU FREE,0<O<=15,0.1<ICA<=0.2,20<PT<=40,0<ICC<=0.3,0.5<AL<=0.75,CL>0.5,125<MEMBRANE<=175,1000<EW<=1100,DISQUALIFIED,0.98608
50<TEMP<=60,PRESS=1,FR>24,AA<=5,85<IR<100,RU FREE,0<O<=15,0.1<ICA<=0.2,20<PT<=40,0<ICC<=0.3,0.5<AL<=0.75,CL>0.5,125<MEMBRANE<=175,1000<EW<=1100,DISQUALIFIED,1.5226
50<TEMP<=60,PRESS=1,FR>24,AA<=5,85<IR<100,RU FREE,0<O<=15,0.1<ICA<=0.2,20<PT<=40,0<ICC<=0.3,0.5<AL<=0.75,CL>0.5,125<MEMBRANE<=175,1000<EW<=1100,DISQUALIFIED,1.45665
50<TEMP<=60,PRESS=1,FR>24,5<AA<=25,85<IR<100,RU FREE,0<O<=15,0.1<ICA<=0.2,20<PT<=40,0<ICC<=0.3,0.75<AL<=1,CL>0.5,125<MEMBRANE<=175,1000<EW<=1100,DISQUALIFIED,1.12885
50<TEMP<=60,PRESS=1,FR>24,5<AA<=25,85<IR<100,RU FREE,0<O<=15,0.1<ICA<=0.2,20<PT<=40,0<ICC<=0.3,0.75<AL<=1,CL>0.5,125<MEMBRANE<=175,1000<EW<=1100,DISQUALIFIED,1.5916
50<TEMP<=60,PRESS=1,FR>24,AA<=5,85<IR<100,RU FREE,0<O<=15,0.1<ICA<=0.2,20<PT<=40,0<ICC<=0.3,0.75<AL<=1,CL>0.5,125<MEMBRANE<=175,1000<EW<=1100,DISQUALIFIED,0.6514
50<TEMP<=60,PRESS=1,FR>24,AA>25,85<IR<100,RU FREE,0<O<=15,0.1<ICA<=0.2,20<PT<=40,0<ICC<=0.3,0.75<AL<=1,CL>0.5,125<MEMBRANE<=175,1000<EW<=1100,DISQUALIFIED,0.61938
50<TEMP<=60,PRESS=1,FR>24,5<AA<=25,85<IR<100,RU FREE,0<O<=15,0.1<ICA<=0.2,20<PT<=40,0<ICC<=0.3,AL>1.5,CL>0.5,125<MEMBRANE<=175,1000<EW<=1100,DISQUALIFIED,0.46769
50<TEMP<=60,PRESS=1,FR>24,AA>25,85<IR<100,RU FREE,0<O<=15,0.1<ICA<=0.2,20<PT<=40,0<ICC<=0.3,0.75<AL<=1,CL>0.5,125<MEMBRANE<=175,1000<EW<=1100,DISQUALIFIED,1.07419
TEMP>100,2<PRESS<=3,6<FR<=24,5<AA<=25,85<IR<100,RU FREE,0<O<=15,ICA=0,40<PT<=60,0.5<ICC<=0.7,AL<=0.25,0.25<CL<=0.5,25<MEMBRANE<=50,1000<EW<=1100,DISQUALIFIED,0.46786
TEMP>100,2<PRESS<=3,6<FR<=24,5<AA<=25,85<IR<100,RU FREE,0<O<=15,ICA=0,40<PT<=60,0.5<ICC<=0.7,AL<=0.25,0.25<CL<=0.5,25<MEMBRANE<=50,1000<EW<=1100,DISQUALIFIED,0.74569
TEMP>100,2<PRESS<=3,6<FR<=24,5<AA<=25,85<IR<100,RU FREE,0<O<=15,ICA=0,40<PT<=60,0.4<ICC<=0.5,0.25<AL<=0.5,0.25<CL<=0.5,25<MEMBRANE<=50,1000<EW<=1100,QUALIFIED,2.36449
TEMP>100,2<PRESS<=3,6<FR<=24,5<AA<=25,85<IR<100,RU FREE,0<O<=15,ICA=0,40<PT<=60,0.4<ICC<=0.5,0.75<AL<=1,0.25<CL<=0.5,25<MEMBRANE<=50,1000<EW<=1100,QUALIFIED,2.0819
TEMP>100,2<PRESS<=3,6<FR<=24,5<AA<=25,85<IR<100,RU FREE,0<O<=15,ICA=0,40<PT<=60,0.5<ICC<=0.7,AL>1.5,0.25<CL<=0.5,25<MEMBRANE<=50,1000<EW<=1100,DISQUALIFIED,0.96879
TEMP<=30,PRESS=1,3<FR<=6,AA<=5,50<IR<=75,0<RU<=25,0<O<=15,0.1<ICA<=0.2,20<PT<=40,0<ICC<=0.3,1<AL<=1.5,0.25<CL<=0.5,50<MEMBRANE<=125,900<EW<=1000,QUALIFIED,2.74106
30<TEMP<=40,PRESS=1,3<FR<=6,AA<=5,50<IR<=75,0<RU<=25,0<O<=15,0.1<ICA<=0.2,20<PT<=40,0<ICC<=0.3,1<AL<=1.5,0.25<CL<=0.5,50<MEMBRANE<=125,900<EW<=1000,QUALIFIED,3.1335
40<TEMP<=50,PRESS=1,3<FR<=6,AA<=5,50<IR<=75,0<RU<=25,0<O<=15,0.1<ICA<=0.2,20<PT<=40,0<ICC<=0.3,1<AL<=1.5,0.25<CL<=0.5,50<MEMBRANE<=125,900<EW<=1000,QUALIFIED,3.61103
50<TEMP<=60,PRESS=1,3<FR<=6,AA<=5,50<IR<=75,0<RU<=25,0<O<=15,0.1<ICA<=0.2,20<PT<=40,0<ICC<=0.3,1<AL<=1.5,0.25<CL<=0.5,50<MEMBRANE<=125,900<EW<=1000,QUALIFIED,4.01997
60<TEMP<=70,PRESS=1,3<FR<=6,AA<=5,50<IR<=75,0<RU<=25,0<O<=15,0.1<ICA<=0.2,20<PT<=40,0<ICC<=0.3,1<AL<=1.5,0.25<CL<=0.5,50<MEMBRANE<=125,900<EW<=1000,QUALIFIED,4.59127
70<TEMP<=80,PRESS=1,3<FR<=6,AA<=5,50<IR<=75,0<RU<=25,0<O<=15,0.1<ICA<=0.2,20<PT<=40,0<ICC<=0.3,1<AL<=1.5,0.25<CL<=0.5,50<MEMBRANE<=125,900<EW<=1000,QUALIFIED,5.1209
80<TEMP<=90,PRESS=1,3<FR<=6,AA<=5,50<IR<=75,0<RU<=25,0<O<=15,0.1<ICA<=0.2,20<PT<=40,0<ICC<=0.3,1<AL<=1.5,0.25<CL<=0.5,50<MEMBRANE<=125,900<EW<=1000,QUALIFIED,5.26936
TEMP<=30,PRESS=1,3<FR<=6,AA<=5,50<IR<=75,0<RU<=25,0<O<=15,0.1<ICA<=0.2,20<PT<=40,0<ICC<=0.3,1<AL<=1.5,0<CL<=0.25,50<MEMBRANE<=125,900<EW<=1000,QUALIFIED,2.64537
30<TEMP<=40,PRESS=1,3<FR<=6,AA<=5,50<IR<=75,0<RU<=25,0<O<=15,0.1<ICA<=0.2,20<PT<=40,0<ICC<=0.3,1<AL<=1.5,0<CL<=0.25,50<MEMBRANE<=125,900<EW<=1000,QUALIFIED,3.10931
40<TEMP<=50,PRESS=1,3<FR<=6,AA<=5,50<IR<=75,0<RU<=25,0<O<=15,0.1<ICA<=0.2,20<PT<=40,0<ICC<=0.3,1<AL<=1.5,0<CL<=0.25,50<MEMBRANE<=125,900<EW<=1000,QUALIFIED,3.53537
50<TEMP<=60,PRESS=1,3<FR<=6,AA<=5,50<IR<=75,0<RU<=25,0<O<=15,0.1<ICA<=0.2,20<PT<=40,0<ICC<=0.3,1<AL<=1.5,0<CL<=0.25,50<MEMBRANE<=125,900<EW<=1000,QUALIFIED,3.99595
60<TEMP<=70,PRESS=1,3<FR<=6,AA<=5,50<IR<=75,0<RU<=25,0<O<=15,0.1<ICA<=0.2,20<PT<=40,0<ICC<=0.3,1<AL<=1.5,0<CL<=0.25,50<MEMBRANE<=125,900<EW<=1000,QUALIFIED,4.49189
70<TEMP<=80,PRESS=1,3<FR<=6,AA<=5,50<IR<=75,0<RU<=25,0<O<=15,0.1<ICA<=0.2,20<PT<=40,0<ICC<=0.3,1<AL<=1.5,0<CL<=0.25,50<MEMBRANE<=125,900<EW<=1000,QUALIFIED,4.94572
80<TEMP<=90,PRESS=1,3<FR<=6,AA<=5,50<IR<=75,0<RU<=25,0<O<=15,0.1<ICA<=0.2,20<PT<=40,0<ICC<=0.3,1<AL<=1.5,0<CL<=0.25,50<MEMBRANE<=125,900<EW<=1000,QUALIFIED,5.21518
TEMP<=30,PRESS=1,3<FR<=6,AA<=5,50<IR<=75,0<RU<=25,0<O<=15,0.1<ICA<=0.2,20<PT<=40,0<ICC<=0.3,0.25<AL<=0.5,0<CL<=0.25,50<MEMBRANE<=125,900<EW<=1000,QUALIFIED,2.24232
30<TEMP<=40,PRESS=1,3<FR<=6,AA<=5,50<IR<=75,0<RU<=25,0<O<=15,0.1<ICA<=0.2,20<PT<=40,0<ICC<=0.3,0.25<AL<=0.5,0<CL<=0.25,50<MEMBRANE<=125,900<EW<=1000,QUALIFIED,2.70646
40<TEMP<=50,PRESS=1,3<FR<=6,AA<=5,50<IR<=75,0<RU<=25,0<O<=15,0.1<ICA<=0.2,20<PT<=40,0<ICC<=0.3,0.25<AL<=0.5,0<CL<=0.25,50<MEMBRANE<=125,900<EW<=1000,QUALIFIED,3.14547
50<TEMP<=60,PRESS=1,3<FR<=6,AA<=5,50<IR<=75,0<RU<=25,0<O<=15,0.1<ICA<=0.2,20<PT<=40,0<ICC<=0.3,0.25<AL<=0.5,0<CL<=0.25,50<MEMBRANE<=125,900<EW<=1000,QUALIFIED,3.63474
60<TEMP<=70,PRESS=1,3<FR<=6,AA<=5,50<IR<=75,0<RU<=25,0<O<=15,0.1<ICA<=0.2,20<PT<=40,0<ICC<=0.3,0.25<AL<=0.5,0<CL<=0.25,50<MEMBRANE<=125,900<EW<=1000,QUALIFIED,4.12402
70<TEMP<=80,PRESS=1,3<FR<=6,AA<=5,50<IR<=75,0<RU<=25,0<O<=15,0.1<ICA<=0.2,20<PT<=40,0<ICC<=0.3,0.25<AL<=0.5,0<CL<=0.25,50<MEMBRANE<=125,900<EW<=1000,QUALIFIED,4.43736
80<TEMP<=90,PRESS=1,3<FR<=6,AA<=5,50<IR<=75,0<RU<=25,0<O<=15,0.1<ICA<=0.2,20<PT<=40,0<ICC<=0.3,0.25<AL<=0.5,0<CL<=0.25,50<MEMBRANE<=125,900<EW<=1000,QUALIFIED,4.70796
70<TEMP<=80,PRESS=1,3<FR<=6,AA<=5,50<IR<=75,0<RU<=25,0<O<=15,0.1<ICA<=0.2,20<PT<=40,0<ICC<=0.3,1<AL<=1.5,0<CL<=0.25,50<MEMBRANE<=125,900<EW<=1000,QUALIFIED,5.3024
70<TEMP<=80,PRESS=1,3<FR<=6,AA<=5,50<IR<=75,0<RU<=25,0<O<=15,0.1<ICA<=0.2,20<PT<=40,0<ICC<=0.3,0.25<AL<=0.5,0<CL<=0.25,50<MEMBRANE<=125,900<EW<=1000,QUALIFIED,4.36153
70<TEMP<=80,PRESS=1,3<FR<=6,AA<=5,50<IR<=75,0<RU<=25,0<O<=15,0.1<ICA<=0.2,20<PT<=40,0<ICC<=0.3,0.25<AL<=0.5,0<CL<=0.25,50<MEMBRANE<=125,900<EW<=1000,QUALIFIED,4.28858
50<TEMP<=60,PRESS=1,6<FR<=24,AA<=5,85<IR<100,RU FREE,0<O<=15,0.1<ICA<=0.2,20<PT<=40,0<ICC<=0.3,0.5<AL<=0.75,CL>0.5,125<MEMBRANE<=175,1000<EW<=1100,DISQUALIFIED,1.43624
50<TEMP<=60,PRESS=1,6<FR<=24,AA<=5,85<IR<100,RU FREE,0<O<=15,0.1<ICA<=0.2,20<PT<=40,0<ICC<=0.3,0.5<AL<=0.75,CL>0.5,125<MEMBRANE<=175,1000<EW<=1100,DISQUALIFIED,0.92588
70<TEMP<=80,PRESS=1,3<FR<=6,5<AA<=25,75<IR<=85,RU FREE,15<O<=25,0.2<ICA<=0.3,40<PT<=60,0.4<ICC<=0.5,AL>1.5,CL>0.5,50<MEMBRANE<=125,1000<EW<=1100,QUALIFIED,2.86936
80<TEMP<=90,PRESS=1,3<FR<=6,5<AA<=25,75<IR<=85,RU FREE,15<O<=25,0.2<ICA<=0.3,40<PT<=60,0.4<ICC<=0.5,AL>1.5,CL>0.5,50<MEMBRANE<=125,1000<EW<=1100,QUALIFIED,3.04768
90<TEMP<=100,PRESS=1,3<FR<=6,5<AA<=25,75<IR<=85,RU FREE,15<O<=25,0.2<ICA<=0.3,40<PT<=60,0.4<ICC<=0.5,AL>1.5,CL>0.5,50<MEMBRANE<=125,1000<EW<=1100,QUALIFIED,3.43886
TEMP>100,PRESS=1,3<FR<=6,5<AA<=25,75<IR<=85,RU FREE,15<O<=25,0.2<ICA<=0.3,40<PT<=60,0.4<ICC<=0.5,AL>1.5,CL>0.5,50<MEMBRANE<=125,1000<EW<=1100,QUALIFIED,4.0821
70<TEMP<=80,PRESS=1,FR>24,5<AA<=25,IR FREE,75<RU<=100,15<O<=25,0.4<ICA<=0.5,20<PT<=40,0.5<ICC<=0.7,AL>1.5,CL>0.5,50<MEMBRANE<=125,1000<EW<=1100,DISQUALIFIED,1.4726
80<TEMP<=90,PRESS=1,6<FR<=24,5<AA<=25,PURE IR,RU FREE,O FREE,0.3<ICA<=0.4,20<PT<=40,0.5<ICC<=0.7,AL>1.5,CL>0.5,50<MEMBRANE<=125,1000<EW<=1100,QUALIFIED,2.35631
70<TEMP<=80,PRESS=1,FR>24,AA<=5,85<IR<100,RU FREE,0<O<=15,0.4<ICA<=0.5,20<PT<=40,0.4<ICC<=0.5,AL>1.5,0.25<CL<=0.5,125<MEMBRANE<=175,1000<EW<=1100,DISQUALIFIED,1.90794
70<TEMP<=80,PRESS=1,FR>24,AA<=5,IR FREE,50<RU<=75,15<O<=25,0.4<ICA<=0.5,20<PT<=40,0.4<ICC<=0.5,AL>1.5,0.25<CL<=0.5,125<MEMBRANE<=175,1000<EW<=1100,QUALIFIED,2.0831
70<TEMP<=80,PRESS=1,FR>24,AA<=5,25<IR<=50,25<RU<=50,15<O<=25,0.4<ICA<=0.5,20<PT<=40,0.4<ICC<=0.5,AL>1.5,0.25<CL<=0.5,125<MEMBRANE<=175,1000<EW<=1100,QUALIFIED,2.64318
70<TEMP<=80,PRESS=1,FR>24,AA<=5,25<IR<=50,25<RU<=50,15<O<=25,0.4<ICA<=0.5,20<PT<=40,0.4<ICC<=0.5,AL>1.5,0.25<CL<=0.5,125<MEMBRANE<=175,1000<EW<=1100,QUALIFIED,2.64318
70<TEMP<=80,PRESS=1,FR>24,AA<=5,85<IR<100,RU FREE,0<O<=15,0.5<ICA<=0.75,20<PT<=40,0.4<ICC<=0.5,0.75<AL<=1,0.25<CL<=0.5,125<MEMBRANE<=175,1000<EW<=1100,DISQUALIFIED,1.19609
70<TEMP<=80,PRESS=1,FR>24,AA<=5,25<IR<=50,RU FREE,15<O<=25,0.3<ICA<=0.4,20<PT<=40,0<ICC<=0.3,0.25<AL<=0.5,0.25<CL<=0.5,125<MEMBRANE<=175,1000<EW<=1100,DISQUALIFIED,0.82276
70<TEMP<=80,PRESS=1,FR>24,AA<=5,25<IR<=50,RU FREE,15<O<=25,0.3<ICA<=0.4,20<PT<=40,0<ICC<=0.3,0.25<AL<=0.5,0.25<CL<=0.5,125<MEMBRANE<=175,1000<EW<=1100,DISQUALIFIED,1.00708
70<TEMP<=80,PRESS=1,FR>24,AA<=5,25<IR<=50,RU FREE,15<O<=25,0.3<ICA<=0.4,20<PT<=40,0<ICC<=0.3,0.25<AL<=0.5,0.25<CL<=0.5,125<MEMBRANE<=175,1000<EW<=1100,DISQUALIFIED,0.90279
70<TEMP<=80,PRESS=1,FR>24,AA<=5,25<IR<=50,RU FREE,15<O<=25,0.3<ICA<=0.4,20<PT<=40,0<ICC<=0.3,0.25<AL<=0.5,0.25<CL<=0.5,125<MEMBRANE<=175,1000<EW<=1100,DISQUALIFIED,1.14283
70<TEMP<=80,PRESS=1,FR>24,AA<=5,50<IR<=75,RU FREE,15<O<=25,0.2<ICA<=0.3,20<PT<=40,0.3<ICC<=0.4,0.5<AL<=0.75,0.25<CL<=0.5,125<MEMBRANE<=175,1000<EW<=1100,DISQUALIFIED,1.26414
70<TEMP<=80,PRESS=1,FR>24,AA<=5,50<IR<=75,RU FREE,15<O<=25,0.75<ICA<1.5,20<PT<=40,1<ICC<=2,0.5<AL<=0.75,0.25<CL<=0.5,125<MEMBRANE<=175,1000<EW<=1100,DISQUALIFIED,1.39233
70<TEMP<=80,PRESS=1,6<FR<=24,AA<=5,50<IR<=75,RU FREE,15<O<=25,0.3<ICA<=0.4,20<PT<=40,1<ICC<=2,0.75<AL<=1,0.25<CL<=0.5,50<MEMBRANE<=125,1000<EW<=1100,QUALIFIED,2.46572
70<TEMP<=80,PRESS=1,6<FR<=24,AA<=5,50<IR<=75,RU FREE,15<O<=25,0.3<ICA<=0.4,20<PT<=40,ICC=0,0.75<AL<=1,0.25<CL<=0.5,50<MEMBRANE<=125,1000<EW<=1100,QUALIFIED,2.23038
70<TEMP<=80,PRESS=1,6<FR<=24,AA<=5,50<IR<=75,RU FREE,15<O<=25,0.5<ICA<=0.75,20<PT<=40,1<ICC<=2,0.5<AL<=0.75,0.25<CL<=0.5,50<MEMBRANE<=125,1000<EW<=1100,QUALIFIED,2.34775
70<TEMP<=80,PRESS=1,6<FR<=24,AA<=5,50<IR<=75,RU FREE,15<O<=25,0.75<ICA<1.5,20<PT<=40,1<ICC<=2,0.25<AL<=0.5,0.25<CL<=0.5,50<MEMBRANE<=125,1000<EW<=1100,QUALIFIED,2.19482
70<TEMP<=80,PRESS=1,FR>24,AA<=5,85<IR<100,RU FREE,0<O<=15,0.3<ICA<=0.4,60<PT<100,0.3<ICC<=0.4,AL<=0.25,CL>0.5,25<MEMBRANE<=50,1000<EW<=1100,QUALIFIED,4.15473
70<TEMP<=80,PRESS=1,FR>24,AA<=5,PURE IR,RU FREE,O FREE,0.3<ICA<=0.4,60<PT<100,0.3<ICC<=0.4,0.75<AL<=1,CL>0.5,25<MEMBRANE<=50,1000<EW<=1100,QUALIFIED,3.50135
70<TEMP<=80,PRESS=1,6<FR<=24,AA<=5,50<IR<=75,0<RU<=25,0<O<=15,0.1<ICA<=0.2,PURE PT,0<ICC<=0.3,AL>1.5,CL>0.5,50<MEMBRANE<=125,1000<EW<=1100,QUALIFIED,3.29917
50<TEMP<=60,PRESS=1,6<FR<=24,AA<=5,50<IR<=75,0<RU<=25,0<O<=15,0.1<ICA<=0.2,PURE PT,0<ICC<=0.3,AL>1.5,CL>0.5,50<MEMBRANE<=125,1000<EW<=1100,QUALIFIED,2.75734
30<TEMP<=40,PRESS=1,6<FR<=24,AA<=5,50<IR<=75,0<RU<=25,0<O<=15,0.2<ICA<=0.3,PURE PT,0.3<ICC<=0.4,AL>1.5,CL>0.5,50<MEMBRANE<=125,1000<EW<=1100,QUALIFIED,2.33383
TEMP<=30,PRESS=1,6<FR<=24,AA<=5,50<IR<=75,0<RU<=25,0<O<=15,0.2<ICA<=0.3,PURE PT,0.4<ICC<=0.5,AL>1.5,CL>0.5,50<MEMBRANE<=125,1000<EW<=1100,DISQUALIFIED,1.6641
60<TEMP<=70,PRESS=1,FR>24,5<AA<=25,PURE IR,RU FREE,O FREE,0.75<ICA<1.5,PURE PT,ICC>2,AL>1.5,CL>0.5,125<MEMBRANE<=175,1000<EW<=1100,DISQUALIFIED,1.5449
60<TEMP<=70,PRESS=1,FR>24,5<AA<=25,PURE IR,RU FREE,O FREE,0.75<ICA<1.5,PT FREE,ICC>2,AL>1.5,CL>0.5,125<MEMBRANE<=175,1000<EW<=1100,DISQUALIFIED,1.03826
70<TEMP<=80,PRESS=1,FR>24,5<AA<=25,25<IR<=50,RU FREE,0<O<=15,ICA>1.5,PURE PT,ICC>2,0.5<AL<=0.75,CL>0.5,50<MEMBRANE<=125,1000<EW<=1100,DISQUALIFIED,1.17159
70<TEMP<=80,PRESS=1,FR>24,5<AA<=25,50<IR<=75,0<RU<=25,0<O<=15,0.75<ICA<1.5,PURE PT,ICC>2,1<AL<=1.5,CL>0.5,50<MEMBRANE<=125,1000<EW<=1100,DISQUALIFIED,1.30034
80<TEMP<=90,PRESS=1,6<FR<=24,AA<=5,85<IR<100,RU FREE,0<O<=15,ICA=0,40<PT<=60,0.4<ICC<=0.5,AL<=0.25,0<CL<=0.25,25<MEMBRANE<=50,1000<EW<=1100,DISQUALIFIED,1.9431
80<TEMP<=90,PRESS=1,6<FR<=24,AA<=5,85<IR<100,RU FREE,0<O<=15,ICA=0,PURE PT,0.4<ICC<=0.5,AL<=0.25,0<CL<=0.25,25<MEMBRANE<=50,1000<EW<=1100,QUALIFIED,3.09574
70<TEMP<=80,PRESS=1,FR>24,5<AA<=25,50<IR<=75,0<RU<=25,0<O<=15,0.4<ICA<=0.5,20<PT<=40,0.3<ICC<=0.4,0.75<AL<=1,0.25<CL<=0.5,25<MEMBRANE<=50,1000<EW<=1100,QUALIFIED,2.25842
70<TEMP<=80,PRESS=1,FR>24,AA<=5,85<IR<100,RU FREE,0<O<=15,0.1<ICA<=0.2,0<PT<=20,0<ICC<=0.3,AL>1.5,0<CL<=0.25,125<MEMBRANE<=175,1000<EW<=1100,QUALIFIED,2.21099
70<TEMP<=80,PRESS=1,FR<=3,5<AA<=25,85<IR<100,RU FREE,0<O<=15,0.5<ICA<=0.75,20<PT<=40,0.5<ICC<=0.7,AL>1.5,CL>0.5,125<MEMBRANE<=175,1000<EW<=1100,DISQUALIFIED,1.57683
70<TEMP<=80,PRESS=1,6<FR<=24,AA<=5,50<IR<=75,0<RU<=25,0<O<=15,ICA=0,PURE PT,ICC=0,AL>1.5,0<CL<=0.25,50<MEMBRANE<=125,1000<EW<=1100,QUALIFIED,2.80995
70<TEMP<=80,PRESS=1,6<FR<=24,AA<=5,50<IR<=75,0<RU<=25,0<O<=15,ICA=0,PURE PT,ICC=0,AL>1.5,0<CL<=0.25,50<MEMBRANE<=125,1000<EW<=1100,QUALIFIED,2.13063
70<TEMP<=80,PRESS=1,6<FR<=24,AA<=5,50<IR<=75,0<RU<=25,0<O<=15,ICA=0,PURE PT,ICC=0,AL>1.5,CL>0.5,50<MEMBRANE<=125,1000<EW<=1100,DISQUALIFIED,1.84557
70<TEMP<=80,PRESS=1,6<FR<=24,AA<=5,50<IR<=75,0<RU<=25,0<O<=15,ICA=0,0<PT<=20,ICC=0,AL>1.5,0<CL<=0.25,50<MEMBRANE<=125,1000<EW<=1100,DISQUALIFIED,1.37892
70<TEMP<=80,PRESS=1,FR>24,AA<=5,PURE IR,RU FREE,O FREE,0.3<ICA<=0.4,60<PT<100,0.3<ICC<=0.4,1<AL<=1.5,CL>0.5,50<MEMBRANE<=125,1000<EW<=1100,QUALIFIED,2.91451
70<TEMP<=80,PRESS=1,FR>24,AA<=5,50<IR<=75,RU FREE,15<O<=25,0.3<ICA<=0.4,60<PT<100,0.3<ICC<=0.4,0.75<AL<=1,CL>0.5,50<MEMBRANE<=125,1000<EW<=1100,QUALIFIED,2.93553
70<TEMP<=80,PRESS=1,FR>24,AA<=5,50<IR<=75,RU FREE,15<O<=25,0.3<ICA<=0.4,60<PT<100,0.3<ICC<=0.4,0.75<AL<=1,CL>0.5,50<MEMBRANE<=125,1000<EW<=1100,QUALIFIED,2.97515
70<TEMP<=80,PRESS=1,FR>24,AA<=5,85<IR<100,RU FREE,0<O<=15,0.3<ICA<=0.4,60<PT<100,0.3<ICC<=0.4,1<AL<=1.5,CL>0.5,50<MEMBRANE<=125,1000<EW<=1100,QUALIFIED,3.14129
70<TEMP<=80,PRESS=1,6<FR<=24,5<AA<=25,IR<=25,RU FREE,0<O<=15,0<ICA<=0.1,0<PT<=20,0.3<ICC<=0.4,AL<=0.25,0.25<CL<=0.5,25<MEMBRANE<=50,1000<EW<=1100,QUALIFIED,4.06721
70<TEMP<=80,PRESS=1,6<FR<=24,5<AA<=25,85<IR<100,RU FREE,0<O<=15,0<ICA<=0.1,0<PT<=20,0.5<ICC<=0.7,AL<=0.25,0.25<CL<=0.5,25<MEMBRANE<=50,1000<EW<=1100,QUALIFIED,3.44108
70<TEMP<=80,PRESS=1,FR>24,5<AA<=25,85<IR<100,RU FREE,0<O<=15,0<ICA<=0.1,0<PT<=20,0.3<ICC<=0.4,AL<=0.25,0<CL<=0.25,25<MEMBRANE<=50,1000<EW<=1100,QUALIFIED,3.84714
70<TEMP<=80,PRESS=1,6<FR<=24,5<AA<=25,IR<=25,RU FREE,0<O<=15,0<ICA<=0.1,0<PT<=20,0.3<ICC<=0.4,AL<=0.25,0.25<CL<=0.5,25<MEMBRANE<=50,1000<EW<=1100,QUALIFIED,4.53776
70<TEMP<=80,PRESS=1,6<FR<=24,5<AA<=25,85<IR<100,RU FREE,0<O<=15,0<ICA<=0.1,0<PT<=20,0.3<ICC<=0.4,0.75<AL<=1,0.25<CL<=0.5,25<MEMBRANE<=50,1000<EW<=1100,QUALIFIED,3.92399
70<TEMP<=80,PRESS=1,6<FR<=24,5<AA<=25,85<IR<100,RU FREE,0<O<=15,0<ICA<=0.1,0<PT<=20,0.3<ICC<=0.4,0.75<AL<=1,0.25<CL<=0.5,25<MEMBRANE<=50,1000<EW<=1100,QUALIFIED,3.70779
70<TEMP<=80,PRESS=1,FR>24,5<AA<=25,IR<=25,RU FREE,0<O<=15,0<ICA<=0.1,0<PT<=20,0.3<ICC<=0.4,AL<=0.25,0.25<CL<=0.5,125<MEMBRANE<=175,1000<EW<=1100,DISQUALIFIED,1.93346
TEMP<=30,PRESS=1,6<FR<=24,AA<=5,PURE IR,RU FREE,O FREE,0.2<ICA<=0.3,20<PT<=40,0.4<ICC<=0.5,0.25<AL<=0.5,0<CL<=0.25,50<MEMBRANE<=125,900<EW<=1000,DISQUALIFIED,0.94091
30<TEMP<=40,PRESS=1,6<FR<=24,AA<=5,PURE IR,RU FREE,O FREE,0.2<ICA<=0.3,20<PT<=40,0.4<ICC<=0.5,0.25<AL<=0.5,0<CL<=0.25,50<MEMBRANE<=125,900<EW<=1000,DISQUALIFIED,1.12399
40<TEMP<=50,PRESS=1,6<FR<=24,AA<=5,PURE IR,RU FREE,O FREE,0.2<ICA<=0.3,20<PT<=40,0.4<ICC<=0.5,0.25<AL<=0.5,0<CL<=0.25,50<MEMBRANE<=125,900<EW<=1000,DISQUALIFIED,1.32278
50<TEMP<=60,PRESS=1,3<FR<=6,AA<=5,PURE IR,RU FREE,O FREE,0.2<ICA<=0.3,20<PT<=40,0.4<ICC<=0.5,0.25<AL<=0.5,0<CL<=0.25,50<MEMBRANE<=125,900<EW<=1000,DISQUALIFIED,1.51353
60<TEMP<=70,PRESS=1,3<FR<=6,AA<=5,PURE IR,RU FREE,O FREE,0.2<ICA<=0.3,20<PT<=40,0.4<ICC<=0.5,0.25<AL<=0.5,0<CL<=0.25,50<MEMBRANE<=125,900<EW<=1000,DISQUALIFIED,1.73243
70<TEMP<=80,PRESS=1,FR<=3,AA<=5,PURE IR,RU FREE,O FREE,0.2<ICA<=0.3,20<PT<=40,0.4<ICC<=0.5,0.25<AL<=0.5,0<CL<=0.25,50<MEMBRANE<=125,900<EW<=1000,QUALIFIED,2.02659
80<TEMP<=90,PRESS=1,FR<=3,AA<=5,PURE IR,RU FREE,O FREE,0.2<ICA<=0.3,20<PT<=40,0.4<ICC<=0.5,0.25<AL<=0.5,0<CL<=0.25,50<MEMBRANE<=125,900<EW<=1000,QUALIFIED,2.24329
TEMP<=30,PRESS=1,6<FR<=24,AA<=5,85<IR<100,RU FREE,0<O<=15,0.2<ICA<=0.3,20<PT<=40,0.4<ICC<=0.5,0.25<AL<=0.5,0<CL<=0.25,50<MEMBRANE<=125,900<EW<=1000,QUALIFIED,2.2803
30<TEMP<=40,PRESS=1,6<FR<=24,AA<=5,85<IR<100,RU FREE,0<O<=15,0.2<ICA<=0.3,20<PT<=40,0.4<ICC<=0.5,0.25<AL<=0.5,0<CL<=0.25,50<MEMBRANE<=125,900<EW<=1000,QUALIFIED,2.69665
40<TEMP<=50,PRESS=1,6<FR<=24,AA<=5,85<IR<100,RU FREE,0<O<=15,0.2<ICA<=0.3,20<PT<=40,0.4<ICC<=0.5,0.25<AL<=0.5,0<CL<=0.25,50<MEMBRANE<=125,900<EW<=1000,QUALIFIED,3.22561
50<TEMP<=60,PRESS=1,6<FR<=24,AA<=5,85<IR<100,RU FREE,0<O<=15,0.2<ICA<=0.3,20<PT<=40,0.4<ICC<=0.5,0.25<AL<=0.5,0<CL<=0.25,50<MEMBRANE<=125,900<EW<=1000,QUALIFIED,3.66319
60<TEMP<=70,PRESS=1,6<FR<=24,AA<=5,85<IR<100,RU FREE,0<O<=15,0.2<ICA<=0.3,20<PT<=40,0.4<ICC<=0.5,0.25<AL<=0.5,0<CL<=0.25,50<MEMBRANE<=125,900<EW<=1000,QUALIFIED,4.12523
70<TEMP<=80,PRESS=1,6<FR<=24,AA<=5,85<IR<100,RU FREE,0<O<=15,0.2<ICA<=0.3,20<PT<=40,0.4<ICC<=0.5,0.25<AL<=0.5,0<CL<=0.25,50<MEMBRANE<=125,900<EW<=1000,QUALIFIED,4.48945
80<TEMP<=90,PRESS=1,6<FR<=24,AA<=5,85<IR<100,RU FREE,0<O<=15,0.2<ICA<=0.3,20<PT<=40,0.4<ICC<=0.5,0.25<AL<=0.5,0<CL<=0.25,50<MEMBRANE<=125,900<EW<=1000,QUALIFIED,4.80862
50<TEMP<=60,PRESS=1,FR>24,AA>25,85<IR<100,RU FREE,0<O<=15,ICA>1.5,60<PT<100,ICC>2,AL<=0.25,0.25<CL<=0.5,125<MEMBRANE<=175,1000<EW<=1100,DISQUALIFIED,1.35953
50<TEMP<=60,PRESS=1,FR>24,AA>25,85<IR<100,RU FREE,0<O<=15,ICA>1.5,60<PT<100,1<ICC<=2,AL<=0.25,0.25<CL<=0.5,125<MEMBRANE<=175,1000<EW<=1100,DISQUALIFIED,1.2689
50<TEMP<=60,PRESS=1,FR>24,AA>25,85<IR<100,RU FREE,0<O<=15,ICA>1.5,60<PT<100,1<ICC<=2,AL<=0.25,0.25<CL<=0.5,125<MEMBRANE<=175,1000<EW<=1100,DISQUALIFIED,1.24343
50<TEMP<=60,PRESS=1,FR>24,AA>25,85<IR<100,RU FREE,0<O<=15,ICA>1.5,60<PT<100,1<ICC<=2,AL<=0.25,0.25<CL<=0.5,125<MEMBRANE<=175,1000<EW<=1100,DISQUALIFIED,1.10778
50<TEMP<=60,PRESS=1,FR>24,AA>25,85<IR<100,RU FREE,0<O<=15,ICA>1.5,40<PT<=60,1<ICC<=2,AL<=0.25,0.25<CL<=0.5,125<MEMBRANE<=175,1000<EW<=1100,DISQUALIFIED,1.05921
50<TEMP<=60,PRESS=1,FR>24,AA>25,85<IR<100,RU FREE,0<O<=15,ICA>1.5,40<PT<=60,1<ICC<=2,AL<=0.25,0.25<CL<=0.5,125<MEMBRANE<=175,1000<EW<=1100,DISQUALIFIED,1.08824
50<TEMP<=60,PRESS=1,FR>24,AA>25,85<IR<100,RU FREE,0<O<=15,0.75<ICA<1.5,60<PT<100,1<ICC<=2,AL<=0.25,0.25<CL<=0.5,125<MEMBRANE<=175,1000<EW<=1100,DISQUALIFIED,1.96861
50<TEMP<=60,PRESS=1,FR>24,AA>25,85<IR<100,RU FREE,0<O<=15,ICA>1.5,60<PT<100,1<ICC<=2,AL<=0.25,0.25<CL<=0.5,125<MEMBRANE<=175,1000<EW<=1100,DISQUALIFIED,1.91588
50<TEMP<=60,PRESS=1,FR>24,AA>25,85<IR<100,RU FREE,0<O<=15,ICA>1.5,60<PT<100,1<ICC<=2,AL<=0.25,0.25<CL<=0.5,125<MEMBRANE<=175,1000<EW<=1100,DISQUALIFIED,1.83121
50<TEMP<=60,PRESS=1,FR>24,AA>25,85<IR<100,RU FREE,0<O<=15,ICA>1.5,60<PT<100,1<ICC<=2,AL<=0.25,0.25<CL<=0.5,125<MEMBRANE<=175,1000<EW<=1100,DISQUALIFIED,1.81487
50<TEMP<=60,PRESS=1,FR>24,AA>25,85<IR<100,RU FREE,0<O<=15,ICA>1.5,60<PT<100,1<ICC<=2,AL<=0.25,0.25<CL<=0.5,125<MEMBRANE<=175,1000<EW<=1100,DISQUALIFIED,1.70197
50<TEMP<=60,PRESS=1,FR>24,AA>25,85<IR<100,RU FREE,0<O<=15,ICA>1.5,60<PT<100,1<ICC<=2,AL<=0.25,0.25<CL<=0.5,125<MEMBRANE<=175,1000<EW<=1100,DISQUALIFIED,1.4622
50<TEMP<=60,PRESS=1,FR>24,AA>25,85<IR<100,RU FREE,0<O<=15,ICA>1.5,60<PT<100,1<ICC<=2,AL<=0.25,0.25<CL<=0.5,125<MEMBRANE<=175,1000<EW<=1100,DISQUALIFIED,1.44312
50<TEMP<=60,PRESS=1,FR>24,AA>25,85<IR<100,RU FREE,0<O<=15,ICA>1.5,60<PT<100,1<ICC<=2,AL<=0.25,0.25<CL<=0.5,125<MEMBRANE<=175,1000<EW<=1100,DISQUALIFIED,1.45668
50<TEMP<=60,PRESS=1,FR>24,AA>25,85<IR<100,RU FREE,0<O<=15,ICA>1.5,60<PT<100,1<ICC<=2,AL<=0.25,0.25<CL<=0.5,125<MEMBRANE<=175,1000<EW<=1100,DISQUALIFIED,1.47325
50<TEMP<=60,PRESS=1,FR>24,AA>25,85<IR<100,RU FREE,0<O<=15,ICA>1.5,60<PT<100,1<ICC<=2,AL<=0.25,0.25<CL<=0.5,125<MEMBRANE<=175,1000<EW<=1100,DISQUALIFIED,1.45668
70<TEMP<=80,PRESS=1,FR>24,5<AA<=25,85<IR<100,RU FREE,0<O<=15,0<ICA<=0.1,40<PT<=60,0<ICC<=0.3,AL<=0.25,0<CL<=0.25,125<MEMBRANE<=175,1000<EW<=1100,QUALIFIED,2.93989
70<TEMP<=80,PRESS=1,FR>24,5<AA<=25,85<IR<100,RU FREE,0<O<=15,0<ICA<=0.1,40<PT<=60,0<ICC<=0.3,AL<=0.25,0<CL<=0.25,125<MEMBRANE<=175,1000<EW<=1100,QUALIFIED,3.00202
70<TEMP<=80,PRESS=1,FR>24,5<AA<=25,85<IR<100,RU FREE,0<O<=15,0.1<ICA<=0.2,40<PT<=60,0<ICC<=0.3,AL<=0.25,0<CL<=0.25,125<MEMBRANE<=175,1000<EW<=1100,QUALIFIED,3.13631
70<TEMP<=80,PRESS=1,FR>24,5<AA<=25,85<IR<100,RU FREE,0<O<=15,0.2<ICA<=0.3,40<PT<=60,0<ICC<=0.3,AL<=0.25,0<CL<=0.25,125<MEMBRANE<=175,1000<EW<=1100,QUALIFIED,3.06349
70<TEMP<=80,PRESS=1,FR>24,5<AA<=25,85<IR<100,RU FREE,0<O<=15,0.2<ICA<=0.3,40<PT<=60,0<ICC<=0.3,AL<=0.25,0<CL<=0.25,125<MEMBRANE<=175,1000<EW<=1100,QUALIFIED,3.08153
70<TEMP<=80,PRESS=1,FR>24,5<AA<=25,85<IR<100,RU FREE,0<O<=15,0.5<ICA<=0.75,40<PT<=60,0<ICC<=0.3,AL<=0.25,0<CL<=0.25,125<MEMBRANE<=175,1000<EW<=1100,QUALIFIED,2.47087
70<TEMP<=80,PRESS=1,FR>24,5<AA<=25,85<IR<100,RU FREE,0<O<=15,0.75<ICA<1.5,40<PT<=60,0<ICC<=0.3,AL<=0.25,0<CL<=0.25,125<MEMBRANE<=175,1000<EW<=1100,QUALIFIED,2.08937
70<TEMP<=80,PRESS>3,3<FR<=6,AA<=5,50<IR<=75,RU FREE,15<O<=25,0.2<ICA<=0.3,40<PT<=60,0<ICC<=0.3,AL>1.5,0<CL<=0.25,25<MEMBRANE<=50,1000<EW<=1100,QUALIFIED,6.62883
70<TEMP<=80,PRESS>3,3<FR<=6,AA<=5,50<IR<=75,RU FREE,15<O<=25,0.2<ICA<=0.3,40<PT<=60,0<ICC<=0.3,AL>1.5,0<CL<=0.25,25<MEMBRANE<=50,1000<EW<=1100,QUALIFIED,6.00537
70<TEMP<=80,PRESS>3,3<FR<=6,AA<=5,50<IR<=75,RU FREE,15<O<=25,0.2<ICA<=0.3,40<PT<=60,0<ICC<=0.3,AL>1.5,0<CL<=0.25,25<MEMBRANE<=50,1000<EW<=1100,QUALIFIED,4.73592
70<TEMP<=80,PRESS>3,3<FR<=6,AA<=5,50<IR<=75,RU FREE,15<O<=25,0.2<ICA<=0.3,40<PT<=60,0<ICC<=0.3,AL>1.5,0<CL<=0.25,25<MEMBRANE<=50,1000<EW<=1100,QUALIFIED,6.98726
70<TEMP<=80,PRESS>3,3<FR<=6,AA<=5,50<IR<=75,RU FREE,15<O<=25,0.2<ICA<=0.3,40<PT<=60,0<ICC<=0.3,AL>1.5,0<CL<=0.25,25<MEMBRANE<=50,1000<EW<=1100,QUALIFIED,7.34876
TEMP<=30,PRESS=1,6<FR<=24,AA<=5,85<IR<100,RU FREE,0<O<=15,0.1<ICA<=0.2,40<PT<=60,0.3<ICC<=0.4,AL>1.5,0.25<CL<=0.5,50<MEMBRANE<=125,1000<EW<=1100,DISQUALIFIED,0.49738
TEMP<=30,PRESS=1,6<FR<=24,AA<=5,50<IR<=75,0<RU<=25,15<O<=25,0.1<ICA<=0.2,40<PT<=60,0.3<ICC<=0.4,AL>1.5,0.25<CL<=0.5,50<MEMBRANE<=125,1000<EW<=1100,DISQUALIFIED,0.55412
TEMP<=30,PRESS=1,6<FR<=24,AA<=5,50<IR<=75,0<RU<=25,15<O<=25,0.1<ICA<=0.2,40<PT<=60,0.3<ICC<=0.4,AL>1.5,0.25<CL<=0.5,50<MEMBRANE<=125,1000<EW<=1100,DISQUALIFIED,0.60141
80<TEMP<=90,2<PRESS<=3,FR>24,AA<=5,85<IR<100,RU FREE,0<O<=15,0.1<ICA<=0.2,PURE PT,0<ICC<=0.3,0.75<AL<=1,0.25<CL<=0.5,125<MEMBRANE<=175,1000<EW<=1100,DISQUALIFIED,0.72068
TEMP>100,2<PRESS<=3,FR>24,AA<=5,85<IR<100,RU FREE,0<O<=15,0.1<ICA<=0.2,PURE PT,0<ICC<=0.3,0.75<AL<=1,0.25<CL<=0.5,125<MEMBRANE<=175,1000<EW<=1100,DISQUALIFIED,0.8257
TEMP>100,2<PRESS<=3,FR>24,AA<=5,85<IR<100,RU FREE,0<O<=15,0.1<ICA<=0.2,PURE PT,0<ICC<=0.3,0.75<AL<=1,0.25<CL<=0.5,125<MEMBRANE<=175,1000<EW<=1100,DISQUALIFIED,0.82693
TEMP>100,2<PRESS<=3,FR>24,AA<=5,85<IR<100,RU FREE,0<O<=15,0.1<ICA<=0.2,PURE PT,0<ICC<=0.3,0.75<AL<=1,0.25<CL<=0.5,125<MEMBRANE<=175,1000<EW<=1100,DISQUALIFIED,0.87822
80<TEMP<=90,2<PRESS<=3,FR>24,AA<=5,50<IR<=75,RU FREE,15<O<=25,0.1<ICA<=0.2,PURE PT,0<ICC<=0.3,0.25<AL<=0.5,0.25<CL<=0.5,125<MEMBRANE<=175,1000<EW<=1100,DISQUALIFIED,1.67937
TEMP>100,2<PRESS<=3,FR>24,AA<=5,50<IR<=75,RU FREE,15<O<=25,0.1<ICA<=0.2,PURE PT,0<ICC<=0.3,0.25<AL<=0.5,0.25<CL<=0.5,125<MEMBRANE<=175,1000<EW<=1100,DISQUALIFIED,1.96534
TEMP>100,2<PRESS<=3,FR>24,AA<=5,50<IR<=75,RU FREE,15<O<=25,0.1<ICA<=0.2,PURE PT,0<ICC<=0.3,0.25<AL<=0.5,0.25<CL<=0.5,125<MEMBRANE<=175,1000<EW<=1100,QUALIFIED,2.38999
TEMP>100,2<PRESS<=3,FR>24,AA<=5,50<IR<=75,RU FREE,15<O<=25,0.1<ICA<=0.2,PURE PT,0<ICC<=0.3,0.25<AL<=0.5,0.25<CL<=0.5,125<MEMBRANE<=175,1000<EW<=1100,QUALIFIED,2.3604
70<TEMP<=80,PRESS=1,FR>24,AA<=5,IR FREE,50<RU<=75,15<O<=25,0.3<ICA<=0.4,20<PT<=40,0.3<ICC<=0.4,AL>1.5,CL>0.5,50<MEMBRANE<=125,1000<EW<=1100,QUALIFIED,2.82957
70<TEMP<=80,PRESS=1,FR>24,AA<=5,IR FREE,50<RU<=75,15<O<=25,0.3<ICA<=0.4,20<PT<=40,0.3<ICC<=0.4,AL>1.5,CL>0.5,50<MEMBRANE<=125,1000<EW<=1100,DISQUALIFIED,1.69195
70<TEMP<=80,PRESS=1,FR>24,AA>25,50<IR<=75,RU FREE,15<O<=25,0.5<ICA<=0.75,40<PT<=60,1<ICC<=2,1<AL<=1.5,0.25<CL<=0.5,50<MEMBRANE<=125,1000<EW<=1100,QUALIFIED,2.55244
70<TEMP<=80,PRESS=1,FR>24,AA>25,50<IR<=75,RU FREE,15<O<=25,0.5<ICA<=0.75,40<PT<=60,1<ICC<=2,1<AL<=1.5,0.25<CL<=0.5,50<MEMBRANE<=125,1000<EW<=1100,QUALIFIED,2.03666
70<TEMP<=80,PRESS=1,FR>24,AA>25,25<IR<=50,RU FREE,O>25,0.5<ICA<=0.75,60<PT<100,1<ICC<=2,0.5<AL<=0.75,0.25<CL<=0.5,50<MEMBRANE<=125,1000<EW<=1100,QUALIFIED,3.7278
70<TEMP<=80,PRESS=1,FR>24,AA>25,IR<=25,RU FREE,O>25,0.5<ICA<=0.75,60<PT<100,1<ICC<=2,0.25<AL<=0.5,0.25<CL<=0.5,50<MEMBRANE<=125,1000<EW<=1100,QUALIFIED,3.58037
70<TEMP<=80,PRESS=1,FR>24,AA>25,PURE IR,RU FREE,O FREE,0.4<ICA<=0.5,60<PT<100,1<ICC<=2,AL>1.5,0.25<CL<=0.5,50<MEMBRANE<=125,1000<EW<=1100,QUALIFIED,3.70489
